experiment_id,phase,seed,arm,epoch,task_id,task_family,train_accuracy,heldout_accuracy,generations_to_exact,effective_program_size,expanded_program_size,population_diversity,active_opcode_count,adopted_opcode_lineages,best_program
"TESSERA-20261007105658-B836DBEF","acquisition","1133247058","closed","1","T-03","turn","0.4166666666666667","0.3203125","","1","1","0.96875","0","0","0"
"TESSERA-20261007105658-B836DBEF","acquisition","1133247058","closed","2","T-04","braid","0.5","0.421875","","1","1","0.90625","0","0","y"
"TESSERA-20261007105658-B836DBEF","acquisition","1133247058","closed","3","T-05","cross","0.4166666666666667","0.28125","","7","7","0.875","0","0","and(rol(rol(ror(7))),rol(y))"
"TESSERA-20261007105658-B836DBEF","acquisition","1133247058","closed","4","T-02","mask","0.375","0.2109375","","9","9","0.96875","0","0","sub(or(x,sub(8,and(A,F))),y)"
"TESSERA-20261007105658-B836DBEF","acquisition","1133247058","closed","5","T-01","wake","0.2916666666666667","0.06640625","","10","10","0.90625","0","0","sub(or(y,xor(not(x),and(y,F))),7)"
"TESSERA-20261007105658-B836DBEF","transfer","1133247058","closed","1","H-01","masked-rotate","0.4166666666666667","0.375","","8","8","0.9375","0","0","or(and(x,and(D,6)),ror(y))"
"TESSERA-20261007105658-B836DBEF","transfer","1133247058","closed","2","H-02","reverse-mask","0.4166666666666667","0.25","","8","8","0.96875","0","0","xor(xor(ror(ror(4)),1),ror(x))"
"TESSERA-20261007105658-B836DBEF","transfer","1133247058","closed","3","H-03","nested-complement","0.4166666666666667","0.3515625","","14","14","0.9375","0","0","and(2,add(and(add(x,5),add(2,y)),rol(or(x,y))))"
"TESSERA-20261007105658-B836DBEF","transfer","1133247058","closed","4","H-04","rotated-subtract","0.2916666666666667","0.15625","","11","11","0.9375","0","0","xor(and(7,or(or(y,y),rol(5))),rol(x))"
"TESSERA-20261007105658-B836DBEF","transfer","1133247058","closed","5","H-05","complement-gate","0.5","0.31640625","","10","10","0.96875","0","0","or(rol(y),or(or(E,6),add(7,x)))"
"TESSERA-20261007105658-B836DBEF","transfer","1133247058","closed","6","H-06","folded-xor","0.3333333333333333","0.31640625","","1","1","0.96875","0","0","0"
"TESSERA-20261007105658-B836DBEF","transfer","1133247058","closed","7","H-07","nested-carry","0.4583333333333333","0.25","","4","4","0.96875","0","0","not(and(7,x))"
"TESSERA-20261007105658-B836DBEF","transfer","1133247058","closed","8","H-08","counter-rotate","0.20833333333333334","0.0625","","3","3","0.9375","0","0","xor(y,x)"
"TESSERA-20261007105658-B836DBEF","acquisition","1133247058","fragments","1","T-03","turn","0.4166666666666667","0.3203125","","1","1","0.96875","0","0","0"
"TESSERA-20261007105658-B836DBEF","acquisition","1133247058","fragments","2","T-04","braid","0.5","0.421875","","1","1","0.875","0","0","y"
"TESSERA-20261007105658-B836DBEF","acquisition","1133247058","fragments","3","T-05","cross","0.4166666666666667","0.421875","","2","2","0.96875","0","0","rol(y)"
"TESSERA-20261007105658-B836DBEF","acquisition","1133247058","fragments","4","T-02","mask","0.2916666666666667","0.2109375","","2","2","0.90625","0","0","not(y)"
"TESSERA-20261007105658-B836DBEF","acquisition","1133247058","fragments","5","T-01","wake","0.25","0.0546875","","11","11","0.96875","0","0","sub(add(7,add(x,3)),add(add(4,E),y))"
"TESSERA-20261007105658-B836DBEF","transfer","1133247058","fragments","1","H-01","masked-rotate","0.4166666666666667","0.25","","4","4","1","0","0","ror(and(y,D))"
"TESSERA-20261007105658-B836DBEF","transfer","1133247058","fragments","2","H-02","reverse-mask","0.16666666666666666","0.0625","","1","1","0.71875","0","0","A"
"TESSERA-20261007105658-B836DBEF","transfer","1133247058","fragments","3","H-03","nested-complement","0.4166666666666667","0.34375","","15","15","1","0","0","xor(rol(ror(or(F,1))),or(or(or(0,y),add(x,E)),0))"
"TESSERA-20261007105658-B836DBEF","transfer","1133247058","fragments","4","H-04","rotated-subtract","0.2916666666666667","0.15625","","12","12","1","0","0","xor(and(7,or(or(or(y,8),2),y)),rol(x))"
"TESSERA-20261007105658-B836DBEF","transfer","1133247058","fragments","5","H-05","complement-gate","0.4583333333333333","0.31640625","","1","1","0.9375","0","0","F"
"TESSERA-20261007105658-B836DBEF","transfer","1133247058","fragments","6","H-06","folded-xor","0.4583333333333333","0.31640625","","14","14","0.96875","0","0","and(rol(not(and(and(y,y),rol(ror(y))))),and(E,ror(1)))"
"TESSERA-20261007105658-B836DBEF","transfer","1133247058","fragments","7","H-07","nested-carry","0.4583333333333333","0.25","","19","19","1","0","0","or(xor(ror(add(x,x)),xor(sub(F,y),y)),ror(and(and(3,or(1,5)),4)))"
"TESSERA-20261007105658-B836DBEF","transfer","1133247058","fragments","8","H-08","counter-rotate","0.25","0.078125","","8","8","0.96875","0","0","xor(y,or(x,rol(and(y,2))))"
"TESSERA-20261007105658-B836DBEF","acquisition","1133247058","openOpcodes","1","T-03","turn","0.4166666666666667","0.3203125","","1","1","0.96875","0","0","0"
"TESSERA-20261007105658-B836DBEF","acquisition","1133247058","openOpcodes","2","T-04","braid","0.5","0.421875","","1","1","0.9375","3","1","y"
"TESSERA-20261007105658-B836DBEF","acquisition","1133247058","openOpcodes","3","T-05","cross","0.4166666666666667","0.28125","","3","3","0.9375","6","4","add(y,y)"
"TESSERA-20261007105658-B836DBEF","acquisition","1133247058","openOpcodes","4","T-02","mask","0.2916666666666667","0.2109375","","3","5","0.9375","8","3","OP006(y,y)"
"TESSERA-20261007105658-B836DBEF","acquisition","1133247058","openOpcodes","5","T-01","wake","0.20833333333333334","0.0625","","9","11","0.96875","7","4","and(7,xor(sub(7,A),OP006(A,x)))"
"TESSERA-20261007105658-B836DBEF","transfer","1133247058","openOpcodes","1","H-01","masked-rotate","0.16666666666666666","0.0625","","1","1","0.9375","8","4","4"
"TESSERA-20261007105658-B836DBEF","transfer","1133247058","openOpcodes","2","H-02","reverse-mask","0.16666666666666666","0.0625","","1","1","0.75","8","3","A"
"TESSERA-20261007105658-B836DBEF","transfer","1133247058","openOpcodes","3","H-03","nested-complement","0.375","0.31640625","","3","5","1","8","3","OP006(4,y)"
"TESSERA-20261007105658-B836DBEF","transfer","1133247058","openOpcodes","4","H-04","rotated-subtract","0.25","0.125","","4","4","0.96875","8","4","not(and(y,8))"
"TESSERA-20261007105658-B836DBEF","transfer","1133247058","openOpcodes","5","H-05","complement-gate","0.5","0.421875","","15","17","0.96875","8","3","or(or(OP010(C,6),ror(not(y))),rol(ror(xor(not(x),rol(x)))))"
"TESSERA-20261007105658-B836DBEF","transfer","1133247058","openOpcodes","6","H-06","folded-xor","0.3333333333333333","0.31640625","","2","2","0.9375","8","1","not(F)"
"TESSERA-20261007105658-B836DBEF","transfer","1133247058","openOpcodes","7","H-07","nested-carry","0.4583333333333333","0.25","","4","4","0.90625","8","1","not(and(7,x))"
"TESSERA-20261007105658-B836DBEF","transfer","1133247058","openOpcodes","8","H-08","counter-rotate","0.20833333333333334","0.0625","","3","3","0.96875","8","8","xor(y,x)"
"TESSERA-20261007105658-B836DBEF","acquisition","1133247058","ratifiedOpcodes","1","T-03","turn","0.4166666666666667","0.3203125","","1","1","0.96875","0","0","0"
"TESSERA-20261007105658-B836DBEF","acquisition","1133247058","ratifiedOpcodes","2","T-04","braid","0.5","0.421875","","1","1","0.90625","0","0","y"
"TESSERA-20261007105658-B836DBEF","acquisition","1133247058","ratifiedOpcodes","3","T-05","cross","0.4166666666666667","0.28125","","7","7","0.875","0","0","and(rol(rol(ror(7))),rol(y))"
"TESSERA-20261007105658-B836DBEF","acquisition","1133247058","ratifiedOpcodes","4","T-02","mask","0.375","0.2109375","","9","9","0.96875","0","0","sub(or(x,sub(8,and(A,F))),y)"
"TESSERA-20261007105658-B836DBEF","acquisition","1133247058","ratifiedOpcodes","5","T-01","wake","0.2916666666666667","0.06640625","","10","10","0.90625","0","0","sub(or(y,xor(not(x),and(y,F))),7)"
"TESSERA-20261007105658-B836DBEF","transfer","1133247058","ratifiedOpcodes","1","H-01","masked-rotate","0.4166666666666667","0.375","","8","8","0.9375","0","0","or(and(x,and(D,6)),ror(y))"
"TESSERA-20261007105658-B836DBEF","transfer","1133247058","ratifiedOpcodes","2","H-02","reverse-mask","0.4166666666666667","0.25","","8","8","0.96875","0","0","xor(xor(ror(ror(4)),1),ror(x))"
"TESSERA-20261007105658-B836DBEF","transfer","1133247058","ratifiedOpcodes","3","H-03","nested-complement","0.4166666666666667","0.3515625","","14","14","0.9375","0","0","and(2,add(and(add(x,5),add(2,y)),rol(or(x,y))))"
"TESSERA-20261007105658-B836DBEF","transfer","1133247058","ratifiedOpcodes","4","H-04","rotated-subtract","0.2916666666666667","0.15625","","11","11","0.9375","0","0","xor(and(7,or(or(y,y),rol(5))),rol(x))"
"TESSERA-20261007105658-B836DBEF","transfer","1133247058","ratifiedOpcodes","5","H-05","complement-gate","0.5","0.31640625","","10","10","0.96875","0","0","or(rol(y),or(or(E,6),add(7,x)))"
"TESSERA-20261007105658-B836DBEF","transfer","1133247058","ratifiedOpcodes","6","H-06","folded-xor","0.3333333333333333","0.31640625","","1","1","0.96875","0","0","0"
"TESSERA-20261007105658-B836DBEF","transfer","1133247058","ratifiedOpcodes","7","H-07","nested-carry","0.4583333333333333","0.25","","4","4","0.96875","0","0","not(and(7,x))"
"TESSERA-20261007105658-B836DBEF","transfer","1133247058","ratifiedOpcodes","8","H-08","counter-rotate","0.20833333333333334","0.0625","","3","3","0.9375","0","0","xor(y,x)"
"TESSERA-20261007105658-B836DBEF","acquisition","3965243085","closed","1","T-05","cross","0.4583333333333333","0.421875","","2","2","0.96875","0","0","rol(y)"
"TESSERA-20261007105658-B836DBEF","acquisition","3965243085","closed","2","T-03","turn","0.5833333333333334","0.30078125","","13","13","1","0","0","rol(and(and(and(8,y),D),sub(sub(5,y),not(x))))"
"TESSERA-20261007105658-B836DBEF","acquisition","3965243085","closed","3","T-04","braid","0.5","0.421875","","1","1","0.9375","0","0","y"
"TESSERA-20261007105658-B836DBEF","acquisition","3965243085","closed","4","T-02","mask","0.25","0.0625","","16","16","0.96875","0","0","and(rol(rol(or(E,B))),xor(sub(sub(y,x),rol(E)),add(2,y)))"
"TESSERA-20261007105658-B836DBEF","acquisition","3965243085","closed","5","T-01","wake","0.2916666666666667","0.06640625","","14","14","0.96875","0","0","and(xor(and(and(x,6),ror(y)),4),sub(and(6,y),8))"
"TESSERA-20261007105658-B836DBEF","transfer","3965243085","closed","1","H-01","masked-rotate","0.4166666666666667","0.25","","9","9","0.96875","0","0","and(5,xor(sub(ror(y),rol(4)),x))"
"TESSERA-20261007105658-B836DBEF","transfer","3965243085","closed","2","H-02","reverse-mask","0.2916666666666667","0.25","","2","2","0.90625","0","0","ror(x)"
"TESSERA-20261007105658-B836DBEF","transfer","3965243085","closed","3","H-03","nested-complement","0.5","0.421875","","12","12","0.96875","0","0","and(and(not(add(y,8)),and(and(2,x),6)),F)"
"TESSERA-20261007105658-B836DBEF","transfer","3965243085","closed","4","H-04","rotated-subtract","0.2916666666666667","0.25","","6","6","0.9375","0","0","sub(and(E,y),ror(4))"
"TESSERA-20261007105658-B836DBEF","transfer","3965243085","closed","5","H-05","complement-gate","0.4166666666666667","0.26171875","","10","10","1","0","0","or(not(and(y,6)),rol(rol(or(y,x))))"
"TESSERA-20261007105658-B836DBEF","transfer","3965243085","closed","6","H-06","folded-xor","0.7083333333333334","0.31640625","","11","11","0.96875","0","0","and(2,and(ror(rol(6)),add(x,and(2,y))))"
"TESSERA-20261007105658-B836DBEF","transfer","3965243085","closed","7","H-07","nested-carry","0.3333333333333333","0.25","","2","2","0.9375","0","0","not(x)"
"TESSERA-20261007105658-B836DBEF","transfer","3965243085","closed","8","H-08","counter-rotate","0.375","0.25","","11","11","1","0","0","xor(or(rol(add(5,F)),rol(x)),not(rol(y)))"
"TESSERA-20261007105658-B836DBEF","acquisition","3965243085","fragments","1","T-05","cross","0.4583333333333333","0.421875","","2","2","0.96875","0","0","rol(y)"
"TESSERA-20261007105658-B836DBEF","acquisition","3965243085","fragments","2","T-03","turn","0.4583333333333333","0.3203125","","1","1","0.96875","0","0","0"
"TESSERA-20261007105658-B836DBEF","acquisition","3965243085","fragments","3","T-04","braid","0.625","0.375","","15","15","0.96875","0","0","or(or(and(or(5,x),y),and(add(y,y),sub(B,6))),y)"
"TESSERA-20261007105658-B836DBEF","acquisition","3965243085","fragments","4","T-02","mask","0.2916666666666667","0.1328125","","48","48","1","0","0","or(add(rol(or(not(sub(add(2,x),not(sub(add(0,x),or(or(E,sub(not(y),rol(and(or(xor(not(x),not(4)),add(D,F)),sub(xor(1,rol(y)),ror(not(D))))))),y))))),3)),y),and(and(ror(8),3),2))"
"TESSERA-20261007105658-B836DBEF","acquisition","3965243085","fragments","5","T-01","wake","0.2916666666666667","0.05859375","","9","9","1","0","0","and(F,and(and(y,add(x,y)),6))"
"TESSERA-20261007105658-B836DBEF","transfer","3965243085","fragments","1","H-01","masked-rotate","0.25","0.0625","","9","9","0.96875","0","0","not(sub(rol(and(y,x)),rol(not(5))))"
"TESSERA-20261007105658-B836DBEF","transfer","3965243085","fragments","2","H-02","reverse-mask","0.4583333333333333","0.3125","","20","20","1","0","0","and(ror(x),or(add(or(9,3),and(y,y)),or(not(ror(add(y,E))),or(0,1))))"
"TESSERA-20261007105658-B836DBEF","transfer","3965243085","fragments","3","H-03","nested-complement","0.4166666666666667","0.31640625","","4","4","0.96875","0","0","and(not(y),2)"
"TESSERA-20261007105658-B836DBEF","transfer","3965243085","fragments","4","H-04","rotated-subtract","0.3333333333333333","0.15234375","","12","12","0.96875","0","0","sub(y,sub(ror(6),or(xor(8,x),sub(y,2))))"
"TESSERA-20261007105658-B836DBEF","transfer","3965243085","fragments","5","H-05","complement-gate","0.4583333333333333","0.25390625","","22","22","0.9375","0","0","or(rol(D),or(add(x,y),rol(sub(sub(not(B),or(add(3,y),and(x,or(1,y)))),9))))"
"TESSERA-20261007105658-B836DBEF","transfer","3965243085","fragments","6","H-06","folded-xor","0.7083333333333334","0.31640625","","40","40","0.96875","0","0","and(or(and(xor(A,x),not(xor(E,y))),and(and(x,not(xor(or(y,D),5))),3)),and(ror(not(or(and(sub(4,and(9,4)),1),sub(ror(6),xor(or(y,D),5))))),E))"
"TESSERA-20261007105658-B836DBEF","transfer","3965243085","fragments","7","H-07","nested-carry","0.4583333333333333","0.25","","14","14","0.96875","0","0","and(not(x),or(not(4),or(ror(xor(5,y)),sub(y,3))))"
"TESSERA-20261007105658-B836DBEF","transfer","3965243085","fragments","8","H-08","counter-rotate","0.25","0.0625","","7","7","0.90625","0","0","not(add(y,ror(and(y,9))))"
"TESSERA-20261007105658-B836DBEF","acquisition","3965243085","openOpcodes","1","T-05","cross","0.4583333333333333","0.421875","","2","2","0.96875","0","0","rol(y)"
"TESSERA-20261007105658-B836DBEF","acquisition","3965243085","openOpcodes","2","T-03","turn","0.4583333333333333","0.3203125","","1","1","0.875","3","0","0"
"TESSERA-20261007105658-B836DBEF","acquisition","3965243085","openOpcodes","3","T-04","braid","0.5","0.421875","","1","1","0.96875","6","4","y"
"TESSERA-20261007105658-B836DBEF","acquisition","3965243085","openOpcodes","4","T-02","mask","0.20833333333333334","0.1640625","","9","11","0.96875","8","4","and(6,add(not(y),OP005(ror(y),6)))"
"TESSERA-20261007105658-B836DBEF","acquisition","3965243085","openOpcodes","5","T-01","wake","0.25","0.05859375","","10","12","0.96875","11","4","and(6,ror(OP001(or(6,4),or(4,x))))"
"TESSERA-20261007105658-B836DBEF","transfer","3965243085","openOpcodes","1","H-01","masked-rotate","0.375","0.21875","","7","7","0.9375","11","3","ror(ror(xor(add(5,y),y)))"
"TESSERA-20261007105658-B836DBEF","transfer","3965243085","openOpcodes","2","H-02","reverse-mask","0.375","0.25","","4","4","0.9375","11","3","ror(and(E,x))"
"TESSERA-20261007105658-B836DBEF","transfer","3965243085","openOpcodes","3","H-03","nested-complement","1","1","12","6","6","0.9375","11","6","and(not(y),xor(C,x))"
"TESSERA-20261007105658-B836DBEF","transfer","3965243085","openOpcodes","4","H-04","rotated-subtract","0.20833333333333334","0.125","","14","20","0.96875","11","4","sub(add(add(OP013(y,F),y),OP010(OP015(1,x),A)),ror(1))"
"TESSERA-20261007105658-B836DBEF","transfer","3965243085","openOpcodes","5","H-05","complement-gate","0.4583333333333333","0.31640625","","6","12","1","11","4","or(ror(OP012(0,y)),A)"
"TESSERA-20261007105658-B836DBEF","transfer","3965243085","openOpcodes","6","H-06","folded-xor","0.375","0.31640625","","1","1","0.8125","11","2","0"
"TESSERA-20261007105658-B836DBEF","transfer","3965243085","openOpcodes","7","H-07","nested-carry","0.3333333333333333","0.25","","3","9","0.96875","11","3","OP012(x,x)"
"TESSERA-20261007105658-B836DBEF","transfer","3965243085","openOpcodes","8","H-08","counter-rotate","0.25","0.0625","","5","5","1","11","6","not(or(y,rol(y)))"
"TESSERA-20261007105658-B836DBEF","acquisition","3965243085","ratifiedOpcodes","1","T-05","cross","0.4583333333333333","0.421875","","2","2","0.96875","0","0","rol(y)"
"TESSERA-20261007105658-B836DBEF","acquisition","3965243085","ratifiedOpcodes","2","T-03","turn","0.5833333333333334","0.30078125","","13","13","1","0","0","rol(and(and(and(8,y),D),sub(sub(5,y),not(x))))"
"TESSERA-20261007105658-B836DBEF","acquisition","3965243085","ratifiedOpcodes","3","T-04","braid","0.5","0.421875","","1","1","0.9375","0","0","y"
"TESSERA-20261007105658-B836DBEF","acquisition","3965243085","ratifiedOpcodes","4","T-02","mask","0.25","0.0625","","16","16","0.96875","0","0","and(rol(rol(or(E,B))),xor(sub(sub(y,x),rol(E)),add(2,y)))"
"TESSERA-20261007105658-B836DBEF","acquisition","3965243085","ratifiedOpcodes","5","T-01","wake","0.2916666666666667","0.06640625","","14","14","0.96875","0","0","and(xor(and(and(x,6),ror(y)),4),sub(and(6,y),8))"
"TESSERA-20261007105658-B836DBEF","transfer","3965243085","ratifiedOpcodes","1","H-01","masked-rotate","0.4166666666666667","0.25","","9","9","0.96875","0","0","and(5,xor(sub(ror(y),rol(4)),x))"
"TESSERA-20261007105658-B836DBEF","transfer","3965243085","ratifiedOpcodes","2","H-02","reverse-mask","0.2916666666666667","0.25","","2","2","0.90625","0","0","ror(x)"
"TESSERA-20261007105658-B836DBEF","transfer","3965243085","ratifiedOpcodes","3","H-03","nested-complement","0.5","0.421875","","12","12","0.96875","0","0","and(and(not(add(y,8)),and(and(2,x),6)),F)"
"TESSERA-20261007105658-B836DBEF","transfer","3965243085","ratifiedOpcodes","4","H-04","rotated-subtract","0.2916666666666667","0.25","","6","6","0.9375","0","0","sub(and(E,y),ror(4))"
"TESSERA-20261007105658-B836DBEF","transfer","3965243085","ratifiedOpcodes","5","H-05","complement-gate","0.4166666666666667","0.26171875","","10","10","1","0","0","or(not(and(y,6)),rol(rol(or(y,x))))"
"TESSERA-20261007105658-B836DBEF","transfer","3965243085","ratifiedOpcodes","6","H-06","folded-xor","0.7083333333333334","0.31640625","","11","11","0.96875","0","0","and(2,and(ror(rol(6)),add(x,and(2,y))))"
"TESSERA-20261007105658-B836DBEF","transfer","3965243085","ratifiedOpcodes","7","H-07","nested-carry","0.3333333333333333","0.25","","2","2","0.9375","0","0","not(x)"
"TESSERA-20261007105658-B836DBEF","transfer","3965243085","ratifiedOpcodes","8","H-08","counter-rotate","0.375","0.25","","11","11","1","0","0","xor(or(rol(add(5,F)),rol(x)),not(rol(y)))"
"TESSERA-20261007105658-B836DBEF","acquisition","1394972555","closed","1","T-01","wake","0.20833333333333334","0.08984375","","7","7","0.90625","0","0","not(add(rol(x),and(1,y)))"
"TESSERA-20261007105658-B836DBEF","acquisition","1394972555","closed","2","T-05","cross","0.375","0.421875","","2","2","0.90625","0","0","rol(y)"
"TESSERA-20261007105658-B836DBEF","acquisition","1394972555","closed","3","T-02","mask","0.3333333333333333","0.140625","","8","8","0.90625","0","0","or(not(or(and(5,x),y)),9)"
"TESSERA-20261007105658-B836DBEF","acquisition","1394972555","closed","4","T-04","braid","0.375","0.421875","","1","1","0.9375","0","0","y"
"TESSERA-20261007105658-B836DBEF","acquisition","1394972555","closed","5","T-03","turn","0.5","0.3203125","","3","3","0.9375","0","0","and(1,8)"
"TESSERA-20261007105658-B836DBEF","transfer","1394972555","closed","1","H-01","masked-rotate","0.625","0.359375","","18","18","0.9375","0","0","and(or(add(sub(y,D),xor(x,y)),xor(sub(F,E),or(3,y))),ror(y))"
"TESSERA-20261007105658-B836DBEF","transfer","1394972555","closed","2","H-02","reverse-mask","0.3333333333333333","0.25","","11","11","1","0","0","or(not(F),and(ror(x),xor(E,add(0,D))))"
"TESSERA-20261007105658-B836DBEF","transfer","1394972555","closed","3","H-03","nested-complement","0.7083333333333334","0.5625","","20","20","1","0","0","and(xor(sub(y,C),or(or(y,x),A)),xor(or(3,xor(E,y)),rol(xor(x,x))))"
"TESSERA-20261007105658-B836DBEF","transfer","1394972555","closed","4","H-04","rotated-subtract","0.3333333333333333","0.125","","11","11","0.90625","0","0","add(9,and(not(not(sub(y,add(B,E)))),2))"
"TESSERA-20261007105658-B836DBEF","transfer","1394972555","closed","5","H-05","complement-gate","0.5","0.26953125","","10","10","0.90625","0","0","or(or(6,y),or(3,rol(xor(y,5))))"
"TESSERA-20261007105658-B836DBEF","transfer","1394972555","closed","6","H-06","folded-xor","0.4583333333333333","0.31640625","","16","16","1","0","0","and(and(2,ror(and(x,xor(5,not(add(x,6)))))),xor(0,not(y)))"
"TESSERA-20261007105658-B836DBEF","transfer","1394972555","closed","7","H-07","nested-carry","0.4583333333333333","0.25","","13","13","0.9375","0","0","sub(sub(sub(or(6,E),5),and(add(x,8),x)),E)"
"TESSERA-20261007105658-B836DBEF","transfer","1394972555","closed","8","H-08","counter-rotate","0.25","0.109375","","5","5","1","0","0","xor(rol(not(x)),B)"
"TESSERA-20261007105658-B836DBEF","acquisition","1394972555","fragments","1","T-01","wake","0.20833333333333334","0.08984375","","7","7","0.90625","0","0","not(add(rol(x),and(1,y)))"
"TESSERA-20261007105658-B836DBEF","acquisition","1394972555","fragments","2","T-05","cross","0.25","0.0625","","13","13","0.9375","0","0","xor(and(and(8,y),add(and(y,2),or(9,E))),E)"
"TESSERA-20261007105658-B836DBEF","acquisition","1394972555","fragments","3","T-02","mask","0.2916666666666667","0.19921875","","4","4","1","0","0","not(and(y,x))"
"TESSERA-20261007105658-B836DBEF","acquisition","1394972555","fragments","4","T-04","braid","0.4166666666666667","0.24609375","","21","21","1","0","0","xor(y,xor(or(or(x,x),or(add(rol(x),and(1,y)),add(rol(y),1))),or(F,y)))"
"TESSERA-20261007105658-B836DBEF","acquisition","1394972555","fragments","5","T-03","turn","0.5416666666666666","0.296875","","10","10","1","0","0","and(and(and(sub(y,x),8),y),ror(y))"
"TESSERA-20261007105658-B836DBEF","transfer","1394972555","fragments","1","H-01","masked-rotate","0.5833333333333334","0.421875","","16","16","0.96875","0","0","and(ror(y),xor(and(ror(rol(x)),or(and(D,F),and(5,x))),7))"
"TESSERA-20261007105658-B836DBEF","transfer","1394972555","fragments","2","H-02","reverse-mask","0.3333333333333333","0.25","","2","2","0.9375","0","0","ror(x)"
"TESSERA-20261007105658-B836DBEF","transfer","1394972555","fragments","3","H-03","nested-complement","0.8333333333333334","0.75","","14","14","0.96875","0","0","and(xor(C,sub(3,y)),sub(and(not(y),x),not(not(C))))"
"TESSERA-20261007105658-B836DBEF","transfer","1394972555","fragments","4","H-04","rotated-subtract","0.25","0.16015625","","7","7","0.96875","0","0","not(and(rol(x),and(F,y)))"
"TESSERA-20261007105658-B836DBEF","transfer","1394972555","fragments","5","H-05","complement-gate","0.5416666666666666","0.30859375","","17","17","1","0","0","or(add(rol(and(F,0)),xor(and(E,2),add(x,6))),or(7,rol(x)))"
"TESSERA-20261007105658-B836DBEF","transfer","1394972555","fragments","6","H-06","folded-xor","0.4583333333333333","0.31640625","","10","10","0.9375","0","0","and(ror(y),and(and(sub(y,x),8),y))"
"TESSERA-20261007105658-B836DBEF","transfer","1394972555","fragments","7","H-07","nested-carry","0.4166666666666667","0.25","","12","12","0.96875","0","0","not(or(xor(and(F,4),x),sub(x,not(ror(6)))))"
"TESSERA-20261007105658-B836DBEF","transfer","1394972555","fragments","8","H-08","counter-rotate","0.20833333333333334","0.0625","","11","11","0.9375","0","0","ror(xor(and(8,add(rol(x),and(1,y))),E))"
"TESSERA-20261007105658-B836DBEF","acquisition","1394972555","openOpcodes","1","T-01","wake","0.20833333333333334","0.08984375","","7","7","0.90625","0","0","not(add(rol(x),and(1,y)))"
"TESSERA-20261007105658-B836DBEF","acquisition","1394972555","openOpcodes","2","T-05","cross","0.375","0.421875","","2","2","0.8125","3","2","rol(y)"
"TESSERA-20261007105658-B836DBEF","acquisition","1394972555","openOpcodes","3","T-02","mask","0.25","0.125","","8","10","0.9375","6","4","add(4,add(OP002(7,y),not(D)))"
"TESSERA-20261007105658-B836DBEF","acquisition","1394972555","openOpcodes","4","T-04","braid","0.375","0.421875","","1","1","0.9375","9","2","y"
"TESSERA-20261007105658-B836DBEF","acquisition","1394972555","openOpcodes","5","T-03","turn","0.5","0.3203125","","1","1","0.875","7","1","0"
"TESSERA-20261007105658-B836DBEF","transfer","1394972555","openOpcodes","1","H-01","masked-rotate","0.375","0.31640625","","10","10","0.96875","4","2","and(ror(rol(ror(y))),xor(ror(rol(x)),7))"
"TESSERA-20261007105658-B836DBEF","transfer","1394972555","openOpcodes","2","H-02","reverse-mask","0.375","0.25","","6","8","0.90625","4","3","ror(xor(OP001(y,y),x))"
"TESSERA-20261007105658-B836DBEF","transfer","1394972555","openOpcodes","3","H-03","nested-complement","1","1","6","7","7","0.90625","4","3","and(not(y),xor(x,not(3)))"
"TESSERA-20261007105658-B836DBEF","transfer","1394972555","openOpcodes","4","H-04","rotated-subtract","0.25","0.09375","","12","12","1","4","3","or(or(9,B),not(xor(and(x,y),rol(not(x)))))"
"TESSERA-20261007105658-B836DBEF","transfer","1394972555","openOpcodes","5","H-05","complement-gate","0.5833333333333334","0.31640625","","6","8","0.96875","4","2","not(ror(OP001(ror(4),y)))"
"TESSERA-20261007105658-B836DBEF","transfer","1394972555","openOpcodes","6","H-06","folded-xor","0.4166666666666667","0.31640625","","1","1","1","4","4","0"
"TESSERA-20261007105658-B836DBEF","transfer","1394972555","openOpcodes","7","H-07","nested-carry","0.3333333333333333","0.25","","5","5","0.96875","4","2","sub(sub(D,x),2)"
"TESSERA-20261007105658-B836DBEF","transfer","1394972555","openOpcodes","8","H-08","counter-rotate","0.20833333333333334","0.1015625","","9","9","1","4","4","add(rol(not(y)),sub(not(D),ror(x)))"
"TESSERA-20261007105658-B836DBEF","acquisition","1394972555","ratifiedOpcodes","1","T-01","wake","0.20833333333333334","0.08984375","","7","7","0.90625","0","0","not(add(rol(x),and(1,y)))"
"TESSERA-20261007105658-B836DBEF","acquisition","1394972555","ratifiedOpcodes","2","T-05","cross","0.375","0.421875","","2","2","0.90625","0","0","rol(y)"
"TESSERA-20261007105658-B836DBEF","acquisition","1394972555","ratifiedOpcodes","3","T-02","mask","0.3333333333333333","0.140625","","8","8","0.90625","0","0","or(not(or(and(5,x),y)),9)"
"TESSERA-20261007105658-B836DBEF","acquisition","1394972555","ratifiedOpcodes","4","T-04","braid","0.375","0.421875","","1","1","0.9375","0","0","y"
"TESSERA-20261007105658-B836DBEF","acquisition","1394972555","ratifiedOpcodes","5","T-03","turn","0.5","0.3203125","","3","3","0.9375","0","0","and(1,8)"
"TESSERA-20261007105658-B836DBEF","transfer","1394972555","ratifiedOpcodes","1","H-01","masked-rotate","0.625","0.359375","","18","18","0.9375","0","0","and(or(add(sub(y,D),xor(x,y)),xor(sub(F,E),or(3,y))),ror(y))"
"TESSERA-20261007105658-B836DBEF","transfer","1394972555","ratifiedOpcodes","2","H-02","reverse-mask","0.3333333333333333","0.25","","11","11","1","0","0","or(not(F),and(ror(x),xor(E,add(0,D))))"
"TESSERA-20261007105658-B836DBEF","transfer","1394972555","ratifiedOpcodes","3","H-03","nested-complement","0.7083333333333334","0.5625","","20","20","1","0","0","and(xor(sub(y,C),or(or(y,x),A)),xor(or(3,xor(E,y)),rol(xor(x,x))))"
"TESSERA-20261007105658-B836DBEF","transfer","1394972555","ratifiedOpcodes","4","H-04","rotated-subtract","0.3333333333333333","0.125","","11","11","0.90625","0","0","add(9,and(not(not(sub(y,add(B,E)))),2))"
"TESSERA-20261007105658-B836DBEF","transfer","1394972555","ratifiedOpcodes","5","H-05","complement-gate","0.5","0.26953125","","10","10","0.90625","0","0","or(or(6,y),or(3,rol(xor(y,5))))"
"TESSERA-20261007105658-B836DBEF","transfer","1394972555","ratifiedOpcodes","6","H-06","folded-xor","0.4583333333333333","0.31640625","","16","16","1","0","0","and(and(2,ror(and(x,xor(5,not(add(x,6)))))),xor(0,not(y)))"
"TESSERA-20261007105658-B836DBEF","transfer","1394972555","ratifiedOpcodes","7","H-07","nested-carry","0.4583333333333333","0.25","","13","13","0.9375","0","0","sub(sub(sub(or(6,E),5),and(add(x,8),x)),E)"
"TESSERA-20261007105658-B836DBEF","transfer","1394972555","ratifiedOpcodes","8","H-08","counter-rotate","0.25","0.109375","","5","5","1","0","0","xor(rol(not(x)),B)"
"TESSERA-20261007105658-B836DBEF","acquisition","3416886128","closed","1","T-03","turn","0.2916666666666667","0.21875","","8","8","0.96875","0","0","and(and(3,E),ror(xor(x,0)))"
"TESSERA-20261007105658-B836DBEF","acquisition","3416886128","closed","2","T-04","braid","0.5416666666666666","0.421875","","3","3","1","0","0","sub(0,y)"
"TESSERA-20261007105658-B836DBEF","acquisition","3416886128","closed","3","T-02","mask","0.3333333333333333","0.2109375","","5","5","1","0","0","xor(or(F,E),y)"
"TESSERA-20261007105658-B836DBEF","acquisition","3416886128","closed","4","T-01","wake","0.3333333333333333","0.0625","","20","20","1","0","0","and(sub(ror(add(0,5)),ror(sub(x,x))),xor(or(not(B),x),and(xor(9,3),F)))"
"TESSERA-20261007105658-B836DBEF","acquisition","3416886128","closed","5","T-05","cross","0.375","0.421875","","2","2","1","0","0","rol(y)"
"TESSERA-20261007105658-B836DBEF","transfer","3416886128","closed","1","H-01","masked-rotate","0.5","0.25","","9","9","1","0","0","ror(and(or(sub(0,C),rol(9)),y))"
"TESSERA-20261007105658-B836DBEF","transfer","3416886128","closed","2","H-02","reverse-mask","0.4583333333333333","0.5625","","9","9","0.96875","0","0","ror(or(and(rol(y),sub(7,E)),x))"
"TESSERA-20261007105658-B836DBEF","transfer","3416886128","closed","3","H-03","nested-complement","0.5","0.5","","9","9","0.96875","0","0","xor(y,or(xor(8,xor(y,x)),y))"
"TESSERA-20261007105658-B836DBEF","transfer","3416886128","closed","4","H-04","rotated-subtract","0.25","0.25","","7","7","0.90625","0","0","sub(and(A,y),or(0,2))"
"TESSERA-20261007105658-B836DBEF","transfer","3416886128","closed","5","H-05","complement-gate","0.5833333333333334","0.31640625","","1","1","0.875","0","0","F"
"TESSERA-20261007105658-B836DBEF","transfer","3416886128","closed","6","H-06","folded-xor","0.4583333333333333","0.31640625","","12","12","0.96875","0","0","and(rol(xor(6,not(y))),xor(4,xor(7,ror(E))))"
"TESSERA-20261007105658-B836DBEF","transfer","3416886128","closed","7","H-07","nested-carry","0.3333333333333333","0.25","","2","2","1","0","0","not(x)"
"TESSERA-20261007105658-B836DBEF","transfer","3416886128","closed","8","H-08","counter-rotate","0.20833333333333334","0.09375","","17","17","0.96875","0","0","and(or(1,sub(y,ror(2))),sub(xor(4,sub(x,x)),rol(add(B,x))))"
"TESSERA-20261007105658-B836DBEF","acquisition","3416886128","fragments","1","T-03","turn","0.2916666666666667","0.21875","","8","8","0.96875","0","0","and(and(3,E),ror(xor(x,0)))"
"TESSERA-20261007105658-B836DBEF","acquisition","3416886128","fragments","2","T-04","braid","0.4583333333333333","0.3515625","","13","13","0.96875","0","0","add(y,and(ror(xor(y,B)),and(4,ror(xor(x,0)))))"
"TESSERA-20261007105658-B836DBEF","acquisition","3416886128","fragments","3","T-02","mask","0.375","0.1171875","","13","13","0.96875","0","0","ror(ror(or(not(y),and(y,ror(xor(x,ror(ror(9))))))))"
"TESSERA-20261007105658-B836DBEF","acquisition","3416886128","fragments","4","T-01","wake","0.2916666666666667","0.07421875","","22","22","0.96875","0","0","and(and(ror(not(ror(sub(y,and(y,rol(and(add(x,E),ror(C)))))))),x),ror(ror(add(7,x))))"
"TESSERA-20261007105658-B836DBEF","acquisition","3416886128","fragments","5","T-05","cross","0.375","0.421875","","2","2","0.96875","0","0","rol(y)"
"TESSERA-20261007105658-B836DBEF","transfer","3416886128","fragments","1","H-01","masked-rotate","0.3333333333333333","0.31640625","","12","12","1","0","0","not(and(xor(7,xor(9,x)),xor(ror(D),ror(y))))"
"TESSERA-20261007105658-B836DBEF","transfer","3416886128","fragments","2","H-02","reverse-mask","0.375","0.375","","32","32","0.96875","0","0","and(ror(add(and(sub(F,and(rol(xor(x,B)),and(or(xor(x,8),4),ror(2)))),add(x,C)),rol(ror(4)))),xor(not(or(B,ror(y))),B))"
"TESSERA-20261007105658-B836DBEF","transfer","3416886128","fragments","3","H-03","nested-complement","1","1","13","7","7","1","0","0","xor(y,or(xor(x,C),y))"
"TESSERA-20261007105658-B836DBEF","transfer","3416886128","fragments","4","H-04","rotated-subtract","0.2916666666666667","0.15625","","11","11","0.96875","0","0","sub(and(y,or(or(x,0),sub(A,x))),2)"
"TESSERA-20261007105658-B836DBEF","transfer","3416886128","fragments","5","H-05","complement-gate","0.6666666666666666","0.5","","7","7","0.9375","0","0","not(and(x,and(9,ror(y))))"
"TESSERA-20261007105658-B836DBEF","transfer","3416886128","fragments","6","H-06","folded-xor","0.5","0.31640625","","21","21","0.96875","0","0","and(and(rol(xor(C,y)),sub(5,7)),and(and(xor(7,8),rol(E)),sub(sub(0,0),4)))"
"TESSERA-20261007105658-B836DBEF","transfer","3416886128","fragments","7","H-07","nested-carry","0.375","0.15625","","8","8","0.96875","0","0","not(and(rol(not(x)),rol(ror(x))))"
"TESSERA-20261007105658-B836DBEF","transfer","3416886128","fragments","8","H-08","counter-rotate","0.3333333333333333","0.203125","","30","30","1","0","0","and(or(or(or(add(y,and(ror(xor(y,B)),and(4,4))),4),or(0,9)),or(1,1)),sub(rol(xor(y,7)),rol(xor(x,B))))"
"TESSERA-20261007105658-B836DBEF","acquisition","3416886128","openOpcodes","1","T-03","turn","0.2916666666666667","0.21875","","8","8","0.96875","0","0","and(and(3,E),ror(xor(x,0)))"
"TESSERA-20261007105658-B836DBEF","acquisition","3416886128","openOpcodes","2","T-04","braid","0.375","0.421875","","1","1","0.96875","3","5","y"
"TESSERA-20261007105658-B836DBEF","acquisition","3416886128","openOpcodes","3","T-02","mask","0.25","0.1015625","","7","7","0.96875","6","1","or(5,not(ror(or(y,0))))"
"TESSERA-20261007105658-B836DBEF","acquisition","3416886128","openOpcodes","4","T-01","wake","0.2916666666666667","0.0625","","11","18","1","9","6","or(and(OP009(y,x),A),OP001(x,OP001(y,5)))"
"TESSERA-20261007105658-B836DBEF","acquisition","3416886128","openOpcodes","5","T-05","cross","0.375","0.421875","","9","11","1","11","7","OP003(and(F,or(rol(y),rol(y))),5)"
"TESSERA-20261007105658-B836DBEF","transfer","3416886128","openOpcodes","1","H-01","masked-rotate","0.3333333333333333","0.25","","9","13","0.96875","12","2","not(OP010(6,add(OP001(y,7),ror(y))))"
"TESSERA-20261007105658-B836DBEF","transfer","3416886128","openOpcodes","2","H-02","reverse-mask","0.4583333333333333","0.375","","18","20","1","12","8","and(ror(add(and(F,sub(x,4)),rol(OP002(4,1)))),xor(not(or(B,y)),3))"
"TESSERA-20261007105658-B836DBEF","transfer","3416886128","openOpcodes","3","H-03","nested-complement","0.5","0.31640625","","5","5","0.9375","12","1","xor(y,or(C,y))"
"TESSERA-20261007105658-B836DBEF","transfer","3416886128","openOpcodes","4","H-04","rotated-subtract","0.20833333333333334","0.125","","7","7","0.96875","12","8","sub(add(C,y),or(C,2))"
"TESSERA-20261007105658-B836DBEF","transfer","3416886128","openOpcodes","5","H-05","complement-gate","0.5833333333333334","0.31640625","","1","1","0.875","12","1","F"
"TESSERA-20261007105658-B836DBEF","transfer","3416886128","openOpcodes","6","H-06","folded-xor","0.5","0.31640625","","8","10","1","12","4","rol(and(OP014(D,y),xor(0,6)))"
"TESSERA-20261007105658-B836DBEF","transfer","3416886128","openOpcodes","7","H-07","nested-carry","0.2916666666666667","0.125","","16","19","0.90625","12","5","add(add(and(OP009(4,E),not(or(C,y))),sub(xor(y,7),x)),1)"
"TESSERA-20261007105658-B836DBEF","transfer","3416886128","openOpcodes","8","H-08","counter-rotate","0.20833333333333334","0.0703125","","11","11","1","12","5","sub(sub(rol(5),sub(x,E)),rol(add(B,x)))"
"TESSERA-20261007105658-B836DBEF","acquisition","3416886128","ratifiedOpcodes","1","T-03","turn","0.2916666666666667","0.21875","","8","8","0.96875","0","0","and(and(3,E),ror(xor(x,0)))"
"TESSERA-20261007105658-B836DBEF","acquisition","3416886128","ratifiedOpcodes","2","T-04","braid","0.5416666666666666","0.421875","","3","3","1","0","0","sub(0,y)"
"TESSERA-20261007105658-B836DBEF","acquisition","3416886128","ratifiedOpcodes","3","T-02","mask","0.3333333333333333","0.2109375","","5","5","1","0","0","xor(or(F,E),y)"
"TESSERA-20261007105658-B836DBEF","acquisition","3416886128","ratifiedOpcodes","4","T-01","wake","0.3333333333333333","0.0625","","20","20","1","0","0","and(sub(ror(add(0,5)),ror(sub(x,x))),xor(or(not(B),x),and(xor(9,3),F)))"
"TESSERA-20261007105658-B836DBEF","acquisition","3416886128","ratifiedOpcodes","5","T-05","cross","0.375","0.421875","","2","2","1","0","0","rol(y)"
"TESSERA-20261007105658-B836DBEF","transfer","3416886128","ratifiedOpcodes","1","H-01","masked-rotate","0.5","0.25","","9","9","1","0","0","ror(and(or(sub(0,C),rol(9)),y))"
"TESSERA-20261007105658-B836DBEF","transfer","3416886128","ratifiedOpcodes","2","H-02","reverse-mask","0.4583333333333333","0.5625","","9","9","0.96875","0","0","ror(or(and(rol(y),sub(7,E)),x))"
"TESSERA-20261007105658-B836DBEF","transfer","3416886128","ratifiedOpcodes","3","H-03","nested-complement","0.5","0.5","","9","9","0.96875","0","0","xor(y,or(xor(8,xor(y,x)),y))"
"TESSERA-20261007105658-B836DBEF","transfer","3416886128","ratifiedOpcodes","4","H-04","rotated-subtract","0.25","0.25","","7","7","0.90625","0","0","sub(and(A,y),or(0,2))"
"TESSERA-20261007105658-B836DBEF","transfer","3416886128","ratifiedOpcodes","5","H-05","complement-gate","0.5833333333333334","0.31640625","","1","1","0.875","0","0","F"
"TESSERA-20261007105658-B836DBEF","transfer","3416886128","ratifiedOpcodes","6","H-06","folded-xor","0.4583333333333333","0.31640625","","12","12","0.96875","0","0","and(rol(xor(6,not(y))),xor(4,xor(7,ror(E))))"
"TESSERA-20261007105658-B836DBEF","transfer","3416886128","ratifiedOpcodes","7","H-07","nested-carry","0.3333333333333333","0.25","","2","2","1","0","0","not(x)"
"TESSERA-20261007105658-B836DBEF","transfer","3416886128","ratifiedOpcodes","8","H-08","counter-rotate","0.20833333333333334","0.09375","","17","17","0.96875","0","0","and(or(1,sub(y,ror(2))),sub(xor(4,sub(x,x)),rol(add(B,x))))"
"TESSERA-20261007105658-B836DBEF","acquisition","4292335611","closed","1","T-04","braid","0.4583333333333333","0.421875","","8","8","0.9375","0","0","sub(add(or(A,4),not(y)),D)"
"TESSERA-20261007105658-B836DBEF","acquisition","4292335611","closed","2","T-05","cross","0.5","0.421875","","2","2","0.9375","0","0","rol(y)"
"TESSERA-20261007105658-B836DBEF","acquisition","4292335611","closed","3","T-03","turn","0.4583333333333333","0.3203125","","1","1","1","0","0","0"
"TESSERA-20261007105658-B836DBEF","acquisition","4292335611","closed","4","T-01","wake","0.2916666666666667","0.0625","","9","9","0.96875","0","0","xor(A,or(and(5,xor(D,x)),y))"
"TESSERA-20261007105658-B836DBEF","acquisition","4292335611","closed","5","T-02","mask","0.3333333333333333","0.2109375","","4","4","0.96875","0","0","not(rol(ror(y)))"
"TESSERA-20261007105658-B836DBEF","transfer","4292335611","closed","1","H-01","masked-rotate","0.375","0.25","","11","11","0.96875","0","0","or(and(3,0),sub(ror(3),ror(or(A,y))))"
"TESSERA-20261007105658-B836DBEF","transfer","4292335611","closed","2","H-02","reverse-mask","0.3333333333333333","0.25","","5","5","0.90625","0","0","rol(rol(add(x,x)))"
"TESSERA-20261007105658-B836DBEF","transfer","4292335611","closed","3","H-03","nested-complement","0.7083333333333334","0.5625","","13","13","0.9375","0","0","and(x,and(sub(C,sub(E,5)),xor(7,add(4,y))))"
"TESSERA-20261007105658-B836DBEF","transfer","4292335611","closed","4","H-04","rotated-subtract","0.5416666666666666","0.5","","8","8","0.9375","0","0","add(y,rol(or(xor(C,9),x)))"
"TESSERA-20261007105658-B836DBEF","transfer","4292335611","closed","5","H-05","complement-gate","0.5416666666666666","0.3125","","11","11","0.9375","0","0","or(add(x,7),xor(y,xor(x,or(0,E))))"
"TESSERA-20261007105658-B836DBEF","transfer","4292335611","closed","6","H-06","folded-xor","0.5","0.31640625","","11","11","1","0","0","and(sub(y,xor(or(4,1),or(6,y))),8)"
"TESSERA-20261007105658-B836DBEF","transfer","4292335611","closed","7","H-07","nested-carry","0.25","0.25","","2","2","0.875","0","0","not(x)"
"TESSERA-20261007105658-B836DBEF","transfer","4292335611","closed","8","H-08","counter-rotate","0.20833333333333334","0.0625","","6","6","0.96875","0","0","and(ror(y),and(C,x))"
"TESSERA-20261007105658-B836DBEF","acquisition","4292335611","fragments","1","T-04","braid","0.4583333333333333","0.421875","","8","8","0.9375","0","0","sub(add(or(A,4),not(y)),D)"
"TESSERA-20261007105658-B836DBEF","acquisition","4292335611","fragments","2","T-05","cross","0.5","0.421875","","4","4","1","0","0","or(rol(y),0)"
"TESSERA-20261007105658-B836DBEF","acquisition","4292335611","fragments","3","T-03","turn","0.5","0.265625","","14","14","0.96875","0","0","and(sub(x,not(not(E))),add(or(ror(4),y),xor(E,y)))"
"TESSERA-20261007105658-B836DBEF","acquisition","4292335611","fragments","4","T-01","wake","0.25","0.08984375","","17","17","1","0","0","and(not(ror(xor(x,C))),add(or(rol(x),or(1,y)),not(or(5,5))))"
"TESSERA-20261007105658-B836DBEF","acquisition","4292335611","fragments","5","T-02","mask","0.5416666666666666","0.3515625","","8","8","0.96875","0","0","and(or(E,rol(not(y))),not(y))"
"TESSERA-20261007105658-B836DBEF","transfer","4292335611","fragments","1","H-01","masked-rotate","0.20833333333333334","0.25","","2","2","0.96875","0","0","ror(y)"
"TESSERA-20261007105658-B836DBEF","transfer","4292335611","fragments","2","H-02","reverse-mask","0.4583333333333333","0.28125","","13","13","1","0","0","or(and(add(ror(x),2),and(x,or(9,y))),ror(x))"
"TESSERA-20261007105658-B836DBEF","transfer","4292335611","fragments","3","H-03","nested-complement","0.5","0.375","","11","11","0.90625","0","0","ror(and(rol(add(C,x)),sub(rol(y),ror(7))))"
"TESSERA-20261007105658-B836DBEF","transfer","4292335611","fragments","4","H-04","rotated-subtract","0.2916666666666667","0.25","","17","17","0.9375","0","0","xor(or(E,and(8,C)),sub(not(rol(not(add(xor(E,8),not(3))))),y))"
"TESSERA-20261007105658-B836DBEF","transfer","4292335611","fragments","5","H-05","complement-gate","1","1","13","13","13","0.9375","0","0","or(add(x,7),xor(add(ror(y),ror(0)),or(3,E)))"
"TESSERA-20261007105658-B836DBEF","transfer","4292335611","fragments","6","H-06","folded-xor","0.5416666666666666","0.39453125","","33","33","1","0","0","and(and(not(sub(A,y)),and(or(xor(F,not(y)),and(rol(9),not(add(E,not(y))))),or(x,1))),xor(xor(or(x,1),C),xor(F,not(y))))"
"TESSERA-20261007105658-B836DBEF","transfer","4292335611","fragments","7","H-07","nested-carry","0.3333333333333333","0.25","","8","8","1","0","0","xor(add(x,rol(and(9,3))),5)"
"TESSERA-20261007105658-B836DBEF","transfer","4292335611","fragments","8","H-08","counter-rotate","0.25","0.078125","","7","7","0.9375","0","0","ror(not(or(sub(y,3),x)))"
"TESSERA-20261007105658-B836DBEF","acquisition","4292335611","openOpcodes","1","T-04","braid","0.4583333333333333","0.421875","","8","8","0.9375","0","0","sub(add(or(A,4),not(y)),D)"
"TESSERA-20261007105658-B836DBEF","acquisition","4292335611","openOpcodes","2","T-05","cross","0.5","0.421875","","2","2","1","3","3","rol(y)"
"TESSERA-20261007105658-B836DBEF","acquisition","4292335611","openOpcodes","3","T-03","turn","0.4583333333333333","0.3203125","","1","1","0.9375","6","2","0"
"TESSERA-20261007105658-B836DBEF","acquisition","4292335611","openOpcodes","4","T-01","wake","0.16666666666666666","0.0625","","7","9","0.96875","9","4","xor(OP003(8,ror(rol(3))),y)"
"TESSERA-20261007105658-B836DBEF","acquisition","4292335611","openOpcodes","5","T-02","mask","0.4166666666666667","0.28125","","5","5","0.9375","10","5","xor(or(x,E),y)"
"TESSERA-20261007105658-B836DBEF","transfer","4292335611","openOpcodes","1","H-01","masked-rotate","1","1","10","8","8","0.96875","11","5","and(F,xor(ror(y),and(x,5)))"
"TESSERA-20261007105658-B836DBEF","transfer","4292335611","openOpcodes","2","H-02","reverse-mask","0.375","0.25","","4","4","0.9375","11","4","ror(xor(x,8))"
"TESSERA-20261007105658-B836DBEF","transfer","4292335611","openOpcodes","3","H-03","nested-complement","0.4166666666666667","0.31640625","","1","1","0.90625","11","4","0"
"TESSERA-20261007105658-B836DBEF","transfer","4292335611","openOpcodes","4","H-04","rotated-subtract","0.375","0.1875","","11","13","1","11","8","xor(sub(2,ror(D)),sub(OP015(not(y),4),y))"
"TESSERA-20261007105658-B836DBEF","transfer","4292335611","openOpcodes","5","H-05","complement-gate","0.4583333333333333","0.31640625","","5","5","0.96875","11","1","or(add(x,7),A)"
"TESSERA-20261007105658-B836DBEF","transfer","4292335611","openOpcodes","6","H-06","folded-xor","0.3333333333333333","0.22265625","","6","8","1","11","4","ror(and(9,OP012(x,B)))"
"TESSERA-20261007105658-B836DBEF","transfer","4292335611","openOpcodes","7","H-07","nested-carry","0.25","0.0703125","","13","17","0.96875","11","5","xor(add(xor(OP003(7,7),y),and(x,OP003(2,x))),E)"
"TESSERA-20261007105658-B836DBEF","transfer","4292335611","openOpcodes","8","H-08","counter-rotate","0.20833333333333334","0.109375","","3","3","0.9375","11","11","ror(not(x))"
"TESSERA-20261007105658-B836DBEF","acquisition","4292335611","ratifiedOpcodes","1","T-04","braid","0.4583333333333333","0.421875","","8","8","0.9375","0","0","sub(add(or(A,4),not(y)),D)"
"TESSERA-20261007105658-B836DBEF","acquisition","4292335611","ratifiedOpcodes","2","T-05","cross","0.5","0.421875","","2","2","0.9375","0","0","rol(y)"
"TESSERA-20261007105658-B836DBEF","acquisition","4292335611","ratifiedOpcodes","3","T-03","turn","0.4583333333333333","0.3203125","","1","1","1","0","0","0"
"TESSERA-20261007105658-B836DBEF","acquisition","4292335611","ratifiedOpcodes","4","T-01","wake","0.2916666666666667","0.0625","","9","9","0.96875","0","0","xor(A,or(and(5,xor(D,x)),y))"
"TESSERA-20261007105658-B836DBEF","acquisition","4292335611","ratifiedOpcodes","5","T-02","mask","0.3333333333333333","0.2109375","","4","4","0.96875","0","0","not(rol(ror(y)))"
"TESSERA-20261007105658-B836DBEF","transfer","4292335611","ratifiedOpcodes","1","H-01","masked-rotate","0.375","0.25","","11","11","0.96875","0","0","or(and(3,0),sub(ror(3),ror(or(A,y))))"
"TESSERA-20261007105658-B836DBEF","transfer","4292335611","ratifiedOpcodes","2","H-02","reverse-mask","0.3333333333333333","0.25","","5","5","0.90625","0","0","rol(rol(add(x,x)))"
"TESSERA-20261007105658-B836DBEF","transfer","4292335611","ratifiedOpcodes","3","H-03","nested-complement","0.7083333333333334","0.5625","","13","13","0.9375","0","0","and(x,and(sub(C,sub(E,5)),xor(7,add(4,y))))"
"TESSERA-20261007105658-B836DBEF","transfer","4292335611","ratifiedOpcodes","4","H-04","rotated-subtract","0.5416666666666666","0.5","","8","8","0.9375","0","0","add(y,rol(or(xor(C,9),x)))"
"TESSERA-20261007105658-B836DBEF","transfer","4292335611","ratifiedOpcodes","5","H-05","complement-gate","0.5416666666666666","0.3125","","11","11","0.9375","0","0","or(add(x,7),xor(y,xor(x,or(0,E))))"
"TESSERA-20261007105658-B836DBEF","transfer","4292335611","ratifiedOpcodes","6","H-06","folded-xor","0.5","0.31640625","","11","11","1","0","0","and(sub(y,xor(or(4,1),or(6,y))),8)"
"TESSERA-20261007105658-B836DBEF","transfer","4292335611","ratifiedOpcodes","7","H-07","nested-carry","0.25","0.25","","2","2","0.875","0","0","not(x)"
"TESSERA-20261007105658-B836DBEF","transfer","4292335611","ratifiedOpcodes","8","H-08","counter-rotate","0.20833333333333334","0.0625","","6","6","0.96875","0","0","and(ror(y),and(C,x))"
"TESSERA-20261007105658-B836DBEF","acquisition","4274265398","closed","1","T-04","braid","0.3333333333333333","0.421875","","1","1","0.875","0","0","y"
"TESSERA-20261007105658-B836DBEF","acquisition","4274265398","closed","2","T-03","turn","0.4583333333333333","0.3203125","","1","1","0.75","0","0","0"
"TESSERA-20261007105658-B836DBEF","acquisition","4274265398","closed","3","T-02","mask","0.2916666666666667","0.140625","","7","7","0.96875","0","0","not(and(xor(F,ror(4)),y))"
"TESSERA-20261007105658-B836DBEF","acquisition","4274265398","closed","4","T-05","cross","0.5416666666666666","0.421875","","2","2","0.96875","0","0","rol(y)"
"TESSERA-20261007105658-B836DBEF","acquisition","4274265398","closed","5","T-01","wake","0.20833333333333334","0.0546875","","3","3","0.9375","0","0","sub(7,x)"
"TESSERA-20261007105658-B836DBEF","transfer","4274265398","closed","1","H-01","masked-rotate","0.20833333333333334","0.0625","","5","5","0.9375","0","0","sub(x,xor(E,x))"
"TESSERA-20261007105658-B836DBEF","transfer","4274265398","closed","2","H-02","reverse-mask","0.2916666666666667","0.25","","11","11","0.96875","0","0","ror(or(ror(rol(x)),add(and(C,C),rol(A))))"
"TESSERA-20261007105658-B836DBEF","transfer","4274265398","closed","3","H-03","nested-complement","0.6666666666666666","0.421875","","14","14","0.96875","0","0","and(add(ror(and(3,8)),1),sub(xor(or(x,y),4),y))"
"TESSERA-20261007105658-B836DBEF","transfer","4274265398","closed","4","H-04","rotated-subtract","0.2916666666666667","0.125","","11","11","0.9375","0","0","xor(2,and(xor(A,rol(y)),not(xor(7,y))))"
"TESSERA-20261007105658-B836DBEF","transfer","4274265398","closed","5","H-05","complement-gate","0.375","0.31640625","","10","10","1","0","0","or(sub(x,ror(2)),or(ror(9),not(x)))"
"TESSERA-20261007105658-B836DBEF","transfer","4274265398","closed","6","H-06","folded-xor","0.4583333333333333","0.27734375","","17","17","0.96875","0","0","and(or(1,not(D)),and(and(or(x,A),add(5,y)),rol(xor(C,x))))"
"TESSERA-20261007105658-B836DBEF","transfer","4274265398","closed","7","H-07","nested-carry","0.4583333333333333","0.25","","12","12","0.9375","0","0","sub(or(3,rol(and(6,x))),xor(x,and(8,x)))"
"TESSERA-20261007105658-B836DBEF","transfer","4274265398","closed","8","H-08","counter-rotate","0.20833333333333334","0.0625","","10","10","1","0","0","not(sub(and(not(y),ror(5)),not(rol(9))))"
"TESSERA-20261007105658-B836DBEF","acquisition","4274265398","fragments","1","T-04","braid","0.3333333333333333","0.421875","","1","1","0.875","0","0","y"
"TESSERA-20261007105658-B836DBEF","acquisition","4274265398","fragments","2","T-03","turn","0.5833333333333334","0.3046875","","13","13","0.90625","0","0","and(sub(and(x,or(rol(y),and(y,x))),not(y)),8)"
"TESSERA-20261007105658-B836DBEF","acquisition","4274265398","fragments","3","T-02","mask","0.2916666666666667","0.09765625","","33","33","0.9375","0","0","and(rol(and(x,and(y,x))),and(rol(and(sub(and(x,sub(or(xor(4,x),E),and(or(y,xor(4,x)),6))),not(5)),xor(rol(5),7))),3))"
"TESSERA-20261007105658-B836DBEF","acquisition","4274265398","fragments","4","T-05","cross","0.5416666666666666","0.421875","","5","5","1","0","0","and(rol(y),rol(F))"
"TESSERA-20261007105658-B836DBEF","acquisition","4274265398","fragments","5","T-01","wake","0.2916666666666667","0.09375","","19","19","1","0","0","and(rol(or(sub(x,y),not(D))),xor(or(or(y,E),or(7,and(9,x))),x))"
"TESSERA-20261007105658-B836DBEF","transfer","4274265398","fragments","1","H-01","masked-rotate","0.4166666666666667","0.453125","","35","35","0.96875","0","0","ror(or(or(y,and(0,x)),or(and(sub(and(x,or(rol(y),and(y,9))),not(y)),8),and(A,or(and(and(y,3),y),or(rol(x),and(9,x)))))))"
"TESSERA-20261007105658-B836DBEF","transfer","4274265398","fragments","2","H-02","reverse-mask","0.25","0.07421875","","7","7","0.90625","0","0","not(and(rol(rol(x)),rol(y)))"
"TESSERA-20261007105658-B836DBEF","transfer","4274265398","fragments","3","H-03","nested-complement","0.5833333333333334","0.31640625","","12","12","0.96875","0","0","and(5,sub(add(xor(x,C),sub(7,y)),rol(E)))"
"TESSERA-20261007105658-B836DBEF","transfer","4274265398","fragments","4","H-04","rotated-subtract","0.4166666666666667","0.25","","9","9","0.96875","0","0","sub(not(1),xor(y,and(rol(y),8)))"
"TESSERA-20261007105658-B836DBEF","transfer","4274265398","fragments","5","H-05","complement-gate","0.2916666666666667","0.31640625","","10","10","0.9375","0","0","or(rol(ror(sub(C,E))),ror(rol(not(x))))"
"TESSERA-20261007105658-B836DBEF","transfer","4274265398","fragments","6","H-06","folded-xor","0.5","0.3828125","","36","36","0.96875","0","0","and(add(and(not(sub(and(x,or(rol(y),and(and(x,or(or(y,and(y,x)),and(y,y))),x))),not(y))),rol(y)),x),xor(or(and(x,y),not(9)),x))"
"TESSERA-20261007105658-B836DBEF","transfer","4274265398","fragments","7","H-07","nested-carry","0.4166666666666667","0.25","","25","25","0.96875","0","0","sub(or(3,add(sub(x,C),sub(and(x,or(and(A,A),and(and(x,D),x))),6))),xor(x,and(8,9)))"
"TESSERA-20261007105658-B836DBEF","transfer","4274265398","fragments","8","H-08","counter-rotate","0.25","0.0625","","24","24","1","0","0","sub(6,rol(xor(A,not(sub(and(x,or(rol(sub(and(x,or(rol(x),1)),1)),and(y,x))),not(F))))))"
"TESSERA-20261007105658-B836DBEF","acquisition","4274265398","openOpcodes","1","T-04","braid","0.3333333333333333","0.421875","","1","1","0.875","0","0","y"
"TESSERA-20261007105658-B836DBEF","acquisition","4274265398","openOpcodes","2","T-03","turn","0.4583333333333333","0.3203125","","1","1","0.90625","3","2","0"
"TESSERA-20261007105658-B836DBEF","acquisition","4274265398","openOpcodes","3","T-02","mask","0.25","0.1875","","10","12","0.96875","4","2","not(xor(not(x),add(not(x),OP002(x,y))))"
"TESSERA-20261007105658-B836DBEF","acquisition","4274265398","openOpcodes","4","T-05","cross","0.5416666666666666","0.421875","","10","20","1","7","5","OP005(rol(OP005(y,C)),and(y,and(6,C)))"
"TESSERA-20261007105658-B836DBEF","acquisition","4274265398","openOpcodes","5","T-01","wake","0.25","0.06640625","","11","18","1","9","5","OP005(not(and(add(x,D),rol(x))),OP004(x,y))"
"TESSERA-20261007105658-B836DBEF","transfer","4274265398","openOpcodes","1","H-01","masked-rotate","0.25","0.140625","","12","32","0.9375","11","3","OP007(or(OP002(E,OP007(x,3)),ror(ror(y))),ror(A))"
"TESSERA-20261007105658-B836DBEF","transfer","4274265398","openOpcodes","2","H-02","reverse-mask","0.25","0.078125","","7","7","0.96875","11","9","sub(y,sub(rol(x),rol(B)))"
"TESSERA-20261007105658-B836DBEF","transfer","4274265398","openOpcodes","3","H-03","nested-complement","0.5","0.31640625","","1","1","0.96875","11","5","0"
"TESSERA-20261007105658-B836DBEF","transfer","4274265398","openOpcodes","4","H-04","rotated-subtract","0.4166666666666667","0.25","","8","10","0.96875","11","1","sub(rol(1),xor(y,OP010(B,9)))"
"TESSERA-20261007105658-B836DBEF","transfer","4274265398","openOpcodes","5","H-05","complement-gate","0.375","0.375","","10","10","1","11","6","not(and(ror(y),and(ror(E),and(x,7))))"
"TESSERA-20261007105658-B836DBEF","transfer","4274265398","openOpcodes","6","H-06","folded-xor","0.5","0.30859375","","11","13","1","11","3","and(7,and(add(x,OP004(7,x)),xor(x,y)))"
"TESSERA-20261007105658-B836DBEF","transfer","4274265398","openOpcodes","7","H-07","nested-carry","0.4583333333333333","0.25","","11","11","0.96875","11","4","sub(or(3,add(sub(x,D),A)),xor(x,C))"
"TESSERA-20261007105658-B836DBEF","transfer","4274265398","openOpcodes","8","H-08","counter-rotate","0.16666666666666666","0.0625","","3","3","0.9375","11","7","xor(5,y)"
"TESSERA-20261007105658-B836DBEF","acquisition","4274265398","ratifiedOpcodes","1","T-04","braid","0.3333333333333333","0.421875","","1","1","0.875","0","0","y"
"TESSERA-20261007105658-B836DBEF","acquisition","4274265398","ratifiedOpcodes","2","T-03","turn","0.4583333333333333","0.3203125","","1","1","0.75","0","0","0"
"TESSERA-20261007105658-B836DBEF","acquisition","4274265398","ratifiedOpcodes","3","T-02","mask","0.2916666666666667","0.140625","","7","7","0.96875","0","0","not(and(xor(F,ror(4)),y))"
"TESSERA-20261007105658-B836DBEF","acquisition","4274265398","ratifiedOpcodes","4","T-05","cross","0.5416666666666666","0.421875","","2","2","0.96875","0","0","rol(y)"
"TESSERA-20261007105658-B836DBEF","acquisition","4274265398","ratifiedOpcodes","5","T-01","wake","0.20833333333333334","0.0546875","","3","3","0.9375","0","0","sub(7,x)"
"TESSERA-20261007105658-B836DBEF","transfer","4274265398","ratifiedOpcodes","1","H-01","masked-rotate","0.20833333333333334","0.0625","","5","5","0.9375","0","0","sub(x,xor(E,x))"
"TESSERA-20261007105658-B836DBEF","transfer","4274265398","ratifiedOpcodes","2","H-02","reverse-mask","0.2916666666666667","0.25","","11","11","0.96875","0","0","ror(or(ror(rol(x)),add(and(C,C),rol(A))))"
"TESSERA-20261007105658-B836DBEF","transfer","4274265398","ratifiedOpcodes","3","H-03","nested-complement","0.6666666666666666","0.421875","","14","14","0.96875","0","0","and(add(ror(and(3,8)),1),sub(xor(or(x,y),4),y))"
"TESSERA-20261007105658-B836DBEF","transfer","4274265398","ratifiedOpcodes","4","H-04","rotated-subtract","0.2916666666666667","0.125","","11","11","0.9375","0","0","xor(2,and(xor(A,rol(y)),not(xor(7,y))))"
"TESSERA-20261007105658-B836DBEF","transfer","4274265398","ratifiedOpcodes","5","H-05","complement-gate","0.375","0.31640625","","10","10","1","0","0","or(sub(x,ror(2)),or(ror(9),not(x)))"
"TESSERA-20261007105658-B836DBEF","transfer","4274265398","ratifiedOpcodes","6","H-06","folded-xor","0.4583333333333333","0.27734375","","17","17","0.96875","0","0","and(or(1,not(D)),and(and(or(x,A),add(5,y)),rol(xor(C,x))))"
"TESSERA-20261007105658-B836DBEF","transfer","4274265398","ratifiedOpcodes","7","H-07","nested-carry","0.4583333333333333","0.25","","12","12","0.9375","0","0","sub(or(3,rol(and(6,x))),xor(x,and(8,x)))"
"TESSERA-20261007105658-B836DBEF","transfer","4274265398","ratifiedOpcodes","8","H-08","counter-rotate","0.20833333333333334","0.0625","","10","10","1","0","0","not(sub(and(not(y),ror(5)),not(rol(9))))"
"TESSERA-20261007105658-B836DBEF","acquisition","625366974","closed","1","T-04","braid","0.4583333333333333","0.28125","","9","9","0.96875","0","0","or(ror(rol(8)),sub(and(1,0),y))"
"TESSERA-20261007105658-B836DBEF","acquisition","625366974","closed","2","T-01","wake","0.25","0.0625","","1","1","0.9375","0","0","4"
"TESSERA-20261007105658-B836DBEF","acquisition","625366974","closed","3","T-03","turn","0.4166666666666667","0.30859375","","9","9","1","0","0","and(x,and(or(4,y),and(8,y)))"
"TESSERA-20261007105658-B836DBEF","acquisition","625366974","closed","4","T-05","cross","0.25","0.421875","","2","2","0.96875","0","0","rol(y)"
"TESSERA-20261007105658-B836DBEF","acquisition","625366974","closed","5","T-02","mask","0.25","0.109375","","7","7","0.84375","0","0","xor(and(y,xor(7,y)),9)"
"TESSERA-20261007105658-B836DBEF","transfer","625366974","closed","1","H-01","masked-rotate","0.4583333333333333","0.25","","6","6","0.90625","0","0","not(not(ror(or(A,y))))"
"TESSERA-20261007105658-B836DBEF","transfer","625366974","closed","2","H-02","reverse-mask","0.4583333333333333","0.25","","6","6","1","0","0","ror(and(not(rol(C)),x))"
"TESSERA-20261007105658-B836DBEF","transfer","625366974","closed","3","H-03","nested-complement","0.625","0.5625","","16","16","0.90625","0","0","sub(rol(add(8,add(F,8))),or(y,xor(or(9,x),add(3,7))))"
"TESSERA-20261007105658-B836DBEF","transfer","625366974","closed","4","H-04","rotated-subtract","0.3333333333333333","0.125","","9","9","1","0","0","not(sub(xor(or(C,0),rol(F)),y))"
"TESSERA-20261007105658-B836DBEF","transfer","625366974","closed","5","H-05","complement-gate","0.4166666666666667","0.31640625","","3","3","0.96875","0","0","not(ror(y))"
"TESSERA-20261007105658-B836DBEF","transfer","625366974","closed","6","H-06","folded-xor","0.4583333333333333","0.31640625","","8","8","1","0","0","and(8,not(xor(rol(y),rol(8))))"
"TESSERA-20261007105658-B836DBEF","transfer","625366974","closed","7","H-07","nested-carry","0.4166666666666667","0.25","","4","4","0.96875","0","0","and(B,not(x))"
"TESSERA-20261007105658-B836DBEF","transfer","625366974","closed","8","H-08","counter-rotate","0.20833333333333334","0.0625","","8","8","0.84375","0","0","ror(ror(and(rol(9),xor(y,A))))"
"TESSERA-20261007105658-B836DBEF","acquisition","625366974","fragments","1","T-04","braid","0.4583333333333333","0.28125","","9","9","0.96875","0","0","or(ror(rol(8)),sub(and(1,0),y))"
"TESSERA-20261007105658-B836DBEF","acquisition","625366974","fragments","2","T-01","wake","0.25","0.0625","","1","1","0.90625","0","0","4"
"TESSERA-20261007105658-B836DBEF","acquisition","625366974","fragments","3","T-03","turn","0.625","0.31640625","","13","13","1","0","0","and(ror(xor(or(B,9),ror(y))),ror(rol(add(x,y))))"
"TESSERA-20261007105658-B836DBEF","acquisition","625366974","fragments","4","T-05","cross","0.2916666666666667","0.421875","","17","17","0.96875","0","0","and(add(rol(sub(y,C)),8),or(add(8,xor(E,D)),not(xor(x,x))))"
"TESSERA-20261007105658-B836DBEF","acquisition","625366974","fragments","5","T-02","mask","0.4166666666666667","0.171875","","21","21","0.9375","0","0","and(add(not(4),or(ror(rol(4)),sub(and(1,and(1,0)),y))),or(x,ror(or(5,x))))"
"TESSERA-20261007105658-B836DBEF","transfer","625366974","fragments","1","H-01","masked-rotate","0.4583333333333333","0.31640625","","7","7","1","0","0","or(and(ror(y),ror(y)),x)"
"TESSERA-20261007105658-B836DBEF","transfer","625366974","fragments","2","H-02","reverse-mask","0.2916666666666667","0.125","","12","12","1","0","0","sub(or(9,ror(add(8,x))),add(x,and(y,8)))"
"TESSERA-20261007105658-B836DBEF","transfer","625366974","fragments","3","H-03","nested-complement","0.5416666666666666","0.5","","16","16","1","0","0","and(xor(and(x,x),rol(7)),or(rol(and(2,ror(1))),xor(y,D)))"
"TESSERA-20261007105658-B836DBEF","transfer","625366974","fragments","4","H-04","rotated-subtract","0.3333333333333333","0.125","","12","12","1","0","0","add(y,or(add(and(x,4),ror(1)),xor(1,D)))"
"TESSERA-20261007105658-B836DBEF","transfer","625366974","fragments","5","H-05","complement-gate","0.4166666666666667","0.31640625","","3","3","0.9375","0","0","not(ror(y))"
"TESSERA-20261007105658-B836DBEF","transfer","625366974","fragments","6","H-06","folded-xor","0.4583333333333333","0.30859375","","9","9","1","0","0","and(8,add(sub(x,D),sub(3,y)))"
"TESSERA-20261007105658-B836DBEF","transfer","625366974","fragments","7","H-07","nested-carry","0.4166666666666667","0.25","","4","4","0.96875","0","0","and(B,not(x))"
"TESSERA-20261007105658-B836DBEF","transfer","625366974","fragments","8","H-08","counter-rotate","0.2916666666666667","0.140625","","14","14","0.9375","0","0","or(rol(or(sub(add(y,x),E),and(y,or(1,2)))),2)"
"TESSERA-20261007105658-B836DBEF","acquisition","625366974","openOpcodes","1","T-04","braid","0.4583333333333333","0.28125","","9","9","0.96875","0","0","or(ror(rol(8)),sub(and(1,0),y))"
"TESSERA-20261007105658-B836DBEF","acquisition","625366974","openOpcodes","2","T-01","wake","0.25","0.0625","","1","1","0.9375","3","1","4"
"TESSERA-20261007105658-B836DBEF","acquisition","625366974","openOpcodes","3","T-03","turn","0.375","0.3203125","","1","1","0.96875","3","0","0"
"TESSERA-20261007105658-B836DBEF","acquisition","625366974","openOpcodes","4","T-05","cross","0.25","0.078125","","15","17","0.96875","2","1","and(or(OP001(9,add(A,B)),or(1,sub(or(y,x),9))),3)"
"TESSERA-20261007105658-B836DBEF","acquisition","625366974","openOpcodes","5","T-02","mask","0.25","0.078125","","1","1","0.8125","5","1","9"
"TESSERA-20261007105658-B836DBEF","transfer","625366974","openOpcodes","1","H-01","masked-rotate","0.4583333333333333","0.25","","6","6","0.90625","4","2","not(not(ror(or(A,y))))"
"TESSERA-20261007105658-B836DBEF","transfer","625366974","openOpcodes","2","H-02","reverse-mask","0.4583333333333333","0.25","","9","9","1","4","3","ror(and(xor(or(E,6),ror(1)),x))"
"TESSERA-20261007105658-B836DBEF","transfer","625366974","openOpcodes","3","H-03","nested-complement","0.20833333333333334","0.10546875","","1","1","0.90625","4","3","4"
"TESSERA-20261007105658-B836DBEF","transfer","625366974","openOpcodes","4","H-04","rotated-subtract","0.20833333333333334","0.0625","","4","4","0.96875","4","4","sub(ror(x),C)"
"TESSERA-20261007105658-B836DBEF","transfer","625366974","openOpcodes","5","H-05","complement-gate","0.2916666666666667","0.17578125","","7","9","1","4","2","rol(or(OP006(y,1),rol(y)))"
"TESSERA-20261007105658-B836DBEF","transfer","625366974","openOpcodes","6","H-06","folded-xor","0.375","0.31640625","","1","1","0.875","4","1","0"
"TESSERA-20261007105658-B836DBEF","transfer","625366974","openOpcodes","7","H-07","nested-carry","0.5","0.25","","9","9","1","4","3","and(B,not(and(and(3,x),not(4))))"
"TESSERA-20261007105658-B836DBEF","transfer","625366974","openOpcodes","8","H-08","counter-rotate","0.25","0.15625","","8","8","0.96875","4","2","or(rol(sub(add(y,x),E)),8)"
"TESSERA-20261007105658-B836DBEF","acquisition","625366974","ratifiedOpcodes","1","T-04","braid","0.4583333333333333","0.28125","","9","9","0.96875","0","0","or(ror(rol(8)),sub(and(1,0),y))"
"TESSERA-20261007105658-B836DBEF","acquisition","625366974","ratifiedOpcodes","2","T-01","wake","0.25","0.0625","","1","1","0.9375","0","0","4"
"TESSERA-20261007105658-B836DBEF","acquisition","625366974","ratifiedOpcodes","3","T-03","turn","0.4166666666666667","0.30859375","","9","9","1","0","0","and(x,and(or(4,y),and(8,y)))"
"TESSERA-20261007105658-B836DBEF","acquisition","625366974","ratifiedOpcodes","4","T-05","cross","0.2916666666666667","0.3125","","9","9","0.96875","1","1","and(rol(sub(4,and(y,y))),rol(y))"
"TESSERA-20261007105658-B836DBEF","acquisition","625366974","ratifiedOpcodes","5","T-02","mask","0.2916666666666667","0.109375","","10","10","0.96875","1","1","and(rol(sub(8,rol(y))),rol(not(rol(9))))"
"TESSERA-20261007105658-B836DBEF","transfer","625366974","ratifiedOpcodes","1","H-01","masked-rotate","0.4583333333333333","0.25","","6","6","0.9375","1","2","not(not(ror(or(A,y))))"
"TESSERA-20261007105658-B836DBEF","transfer","625366974","ratifiedOpcodes","2","H-02","reverse-mask","0.3333333333333333","0.09375","","14","14","0.96875","1","0","sub(or(or(C,8),ror(or(x,B))),add(x,and(y,8)))"
"TESSERA-20261007105658-B836DBEF","transfer","625366974","ratifiedOpcodes","3","H-03","nested-complement","0.4166666666666667","0.5625","","6","6","0.9375","1","0","not(or(and(C,x),y))"
"TESSERA-20261007105658-B836DBEF","transfer","625366974","ratifiedOpcodes","4","H-04","rotated-subtract","0.3333333333333333","0.125","","9","9","0.9375","1","2","add(y,xor(and(6,F),sub(2,8)))"
"TESSERA-20261007105658-B836DBEF","transfer","625366974","ratifiedOpcodes","5","H-05","complement-gate","0.25","0.31640625","","1","1","0.8125","1","0","F"
"TESSERA-20261007105658-B836DBEF","transfer","625366974","ratifiedOpcodes","6","H-06","folded-xor","0.4583333333333333","0.28125","","11","13","0.96875","1","2","and(OP001(xor(xor(0,y),x),not(rol(x))),A)"
"TESSERA-20261007105658-B836DBEF","transfer","625366974","ratifiedOpcodes","7","H-07","nested-carry","0.4583333333333333","0.25","","4","4","0.9375","1","1","or(8,not(x))"
"TESSERA-20261007105658-B836DBEF","transfer","625366974","ratifiedOpcodes","8","H-08","counter-rotate","0.3333333333333333","0.140625","","10","12","0.9375","1","1","add(1,add(not(OP001(y,2)),not(rol(x))))"
"TESSERA-20261007105658-B836DBEF","acquisition","3567835293","closed","1","T-02","mask","0.5","0.25","","7","7","0.90625","0","0","not(and(or(rol(x),x),y))"
"TESSERA-20261007105658-B836DBEF","acquisition","3567835293","closed","2","T-03","turn","0.2916666666666667","0.265625","","16","16","0.9375","0","0","and(ror(or(not(y),or(x,x))),and(and(5,ror(D)),ror(ror(x))))"
"TESSERA-20261007105658-B836DBEF","acquisition","3567835293","closed","3","T-05","cross","0.4583333333333333","0.28125","","7","7","0.96875","0","0","rol(and(xor(8,y),not(8)))"
"TESSERA-20261007105658-B836DBEF","acquisition","3567835293","closed","4","T-04","braid","0.4583333333333333","0.421875","","1","1","0.9375","0","0","y"
"TESSERA-20261007105658-B836DBEF","acquisition","3567835293","closed","5","T-01","wake","0.2916666666666667","0.0625","","25","25","1","0","0","add(and(rol(xor(8,C)),xor(and(5,x),or(A,0))),or(add(ror(3),or(add(3,add(4,D)),4)),y))"
"TESSERA-20261007105658-B836DBEF","transfer","3567835293","closed","1","H-01","masked-rotate","1","1","15","12","12","0.90625","0","0","xor(1,xor(xor(0,and(x,5)),xor(1,ror(y))))"
"TESSERA-20261007105658-B836DBEF","transfer","3567835293","closed","2","H-02","reverse-mask","0.3333333333333333","0.25","","4","4","0.9375","0","0","ror(and(x,6))"
"TESSERA-20261007105658-B836DBEF","transfer","3567835293","closed","3","H-03","nested-complement","0.4166666666666667","0.22265625","","7","7","0.96875","0","0","and(xor(rol(y),ror(y)),4)"
"TESSERA-20261007105658-B836DBEF","transfer","3567835293","closed","4","H-04","rotated-subtract","0.20833333333333334","0.078125","","8","8","0.90625","0","0","or(C,and(add(D,ror(y)),x))"
"TESSERA-20261007105658-B836DBEF","transfer","3567835293","closed","5","H-05","complement-gate","0.6666666666666666","0.515625","","15","15","1","0","0","or(xor(E,xor(x,ror(y))),or(ror(not(y)),or(8,not(F))))"
"TESSERA-20261007105658-B836DBEF","transfer","3567835293","closed","6","H-06","folded-xor","0.5416666666666666","0.28515625","","41","41","0.9375","0","0","and(sub(or(add(ror(y),rol(x)),and(not(3),add(9,y))),sub(not(6),sub(or(x,B),xor(x,2)))),and(add(xor(or(6,x),add(y,x)),and(not(2),rol(y))),not(not(y))))"
"TESSERA-20261007105658-B836DBEF","transfer","3567835293","closed","7","H-07","nested-carry","0.3333333333333333","0.25","","4","4","0.96875","0","0","and(not(x),3)"
"TESSERA-20261007105658-B836DBEF","transfer","3567835293","closed","8","H-08","counter-rotate","0.20833333333333334","0.125","","6","6","0.96875","0","0","ror(or(8,and(5,x)))"
"TESSERA-20261007105658-B836DBEF","acquisition","3567835293","fragments","1","T-02","mask","0.5","0.25","","7","7","0.90625","0","0","not(and(or(rol(x),x),y))"
"TESSERA-20261007105658-B836DBEF","acquisition","3567835293","fragments","2","T-03","turn","0.375","0.16796875","","18","18","0.96875","0","0","and(add(xor(0,y),ror(A)),or(and(E,and(rol(y),ror(add(y,x)))),x))"
"TESSERA-20261007105658-B836DBEF","acquisition","3567835293","fragments","3","T-05","cross","0.4583333333333333","0.28125","","14","14","0.9375","0","0","and(add(xor(0,y),xor(0,y)),xor(or(E,5),rol(0)))"
"TESSERA-20261007105658-B836DBEF","acquisition","3567835293","fragments","4","T-04","braid","0.4583333333333333","0.421875","","1","1","0.9375","0","0","y"
"TESSERA-20261007105658-B836DBEF","acquisition","3567835293","fragments","5","T-01","wake","0.25","0.0703125","","19","19","1","0","0","xor(and(add(xor(0,y),ror(A)),not(and(E,add(rol(y),ror(add(y,x)))))),x)"
"TESSERA-20261007105658-B836DBEF","transfer","3567835293","fragments","1","H-01","masked-rotate","0.375","0.25","","45","45","0.96875","0","0","add(and(or(and(or(and(E,and(E,and(rol(y),ror(add(y,x))))),x),x),ror(and(3,8))),or(rol(A),not(or(and(E,and(D,and(rol(y),ror(add(y,x))))),x)))),ror(and(5,and(y,F))))"
"TESSERA-20261007105658-B836DBEF","transfer","3567835293","fragments","2","H-02","reverse-mask","0.4166666666666667","0.5","","9","9","1","0","0","ror(add(and(and(rol(y),A),8),x))"
"TESSERA-20261007105658-B836DBEF","transfer","3567835293","fragments","3","H-03","nested-complement","0.4583333333333333","0.3125","","27","27","1","0","0","and(add(rol(and(E,add(rol(y),ror(add(y,6))))),E),and(add(xor(xor(0,E),y),ror(A)),or(and(x,0),x)))"
"TESSERA-20261007105658-B836DBEF","transfer","3567835293","fragments","4","H-04","rotated-subtract","0.20833333333333334","0.0625","","14","14","0.9375","0","0","or(xor(add(6,x),2),and(ror(x),xor(1,or(x,9))))"
"TESSERA-20261007105658-B836DBEF","transfer","3567835293","fragments","5","H-05","complement-gate","0.3333333333333333","0.24609375","","12","12","1","0","0","or(A,or(ror(C),or(A,xor(x,add(5,y)))))"
"TESSERA-20261007105658-B836DBEF","transfer","3567835293","fragments","6","H-06","folded-xor","0.5833333333333334","0.30078125","","28","28","1","0","0","and(or(and(5,and(y,F)),x),and(add(xor(and(ror(y),0),add(y,x)),and(not(C),rol(y))),add(ror(x),not(4))))"
"TESSERA-20261007105658-B836DBEF","transfer","3567835293","fragments","7","H-07","nested-carry","0.375","0.25","","17","17","0.96875","0","0","and(not(or(and(E,and(or(and(E,and(rol(x),9)),y),9)),x)),B)"
"TESSERA-20261007105658-B836DBEF","transfer","3567835293","fragments","8","H-08","counter-rotate","0.25","0.125","","9","9","1","0","0","ror(add(and(add(9,x),rol(4)),x))"
"TESSERA-20261007105658-B836DBEF","acquisition","3567835293","openOpcodes","1","T-02","mask","0.5","0.25","","7","7","0.90625","0","0","not(and(or(rol(x),x),y))"
"TESSERA-20261007105658-B836DBEF","acquisition","3567835293","openOpcodes","2","T-03","turn","0.25","0.1015625","","1","1","0.90625","3","1","4"
"TESSERA-20261007105658-B836DBEF","acquisition","3567835293","openOpcodes","3","T-05","cross","0.4583333333333333","0.28125","","3","5","0.96875","6","3","OP002(y,y)"
"TESSERA-20261007105658-B836DBEF","acquisition","3567835293","openOpcodes","4","T-04","braid","0.4583333333333333","0.421875","","1","1","0.875","8","1","y"
"TESSERA-20261007105658-B836DBEF","acquisition","3567835293","openOpcodes","5","T-01","wake","0.16666666666666666","0.0625","","1","1","0.84375","6","2","5"
"TESSERA-20261007105658-B836DBEF","transfer","3567835293","openOpcodes","1","H-01","masked-rotate","0.25","0.125","","6","6","1","6","4","or(2,ror(sub(A,y)))"
"TESSERA-20261007105658-B836DBEF","transfer","3567835293","openOpcodes","2","H-02","reverse-mask","0.20833333333333334","0.0625","","10","10","1","6","3","or(and(x,add(rol(y),and(4,5))),3)"
"TESSERA-20261007105658-B836DBEF","transfer","3567835293","openOpcodes","3","H-03","nested-complement","0.7083333333333334","0.75","","23","27","0.96875","6","3","and(OP012(and(B,not(D)),or(sub(B,5),add(2,y))),sub(OP010(rol(D),y),or(y,sub(7,x))))"
"TESSERA-20261007105658-B836DBEF","transfer","3567835293","openOpcodes","4","H-04","rotated-subtract","0.25","0.125","","8","10","0.96875","6","1","xor(sub(y,2),rol(OP011(y,x)))"
"TESSERA-20261007105658-B836DBEF","transfer","3567835293","openOpcodes","5","H-05","complement-gate","0.4166666666666667","0.30859375","","11","11","0.96875","6","2","or(2,or(ror(6),ror(or(sub(y,7),4))))"
"TESSERA-20261007105658-B836DBEF","transfer","3567835293","openOpcodes","6","H-06","folded-xor","0.4166666666666667","0.31640625","","7","7","1","6","2","and(rol(y),not(or(3,9)))"
"TESSERA-20261007105658-B836DBEF","transfer","3567835293","openOpcodes","7","H-07","nested-carry","0.3333333333333333","0.25","","4","4","0.96875","6","1","and(not(x),3)"
"TESSERA-20261007105658-B836DBEF","transfer","3567835293","openOpcodes","8","H-08","counter-rotate","0.16666666666666666","0.0625","","1","1","0.90625","6","2","E"
"TESSERA-20261007105658-B836DBEF","acquisition","3567835293","ratifiedOpcodes","1","T-02","mask","0.5","0.25","","7","7","0.90625","0","0","not(and(or(rol(x),x),y))"
"TESSERA-20261007105658-B836DBEF","acquisition","3567835293","ratifiedOpcodes","2","T-03","turn","0.2916666666666667","0.265625","","16","16","0.9375","0","0","and(ror(or(not(y),or(x,x))),and(and(5,ror(D)),ror(ror(x))))"
"TESSERA-20261007105658-B836DBEF","acquisition","3567835293","ratifiedOpcodes","3","T-05","cross","0.4583333333333333","0.28125","","7","7","0.96875","0","0","rol(and(xor(8,y),not(8)))"
"TESSERA-20261007105658-B836DBEF","acquisition","3567835293","ratifiedOpcodes","4","T-04","braid","0.4583333333333333","0.421875","","1","1","0.9375","0","0","y"
"TESSERA-20261007105658-B836DBEF","acquisition","3567835293","ratifiedOpcodes","5","T-01","wake","0.2916666666666667","0.0625","","25","25","1","0","0","add(and(rol(xor(8,C)),xor(and(5,x),or(A,0))),or(add(ror(3),or(add(3,add(4,D)),4)),y))"
"TESSERA-20261007105658-B836DBEF","transfer","3567835293","ratifiedOpcodes","1","H-01","masked-rotate","1","1","15","12","12","0.90625","0","0","xor(1,xor(xor(0,and(x,5)),xor(1,ror(y))))"
"TESSERA-20261007105658-B836DBEF","transfer","3567835293","ratifiedOpcodes","2","H-02","reverse-mask","0.3333333333333333","0.25","","4","4","0.9375","0","0","ror(and(x,6))"
"TESSERA-20261007105658-B836DBEF","transfer","3567835293","ratifiedOpcodes","3","H-03","nested-complement","0.4166666666666667","0.22265625","","7","7","0.96875","0","0","and(xor(rol(y),ror(y)),4)"
"TESSERA-20261007105658-B836DBEF","transfer","3567835293","ratifiedOpcodes","4","H-04","rotated-subtract","0.20833333333333334","0.078125","","8","8","0.90625","0","0","or(C,and(add(D,ror(y)),x))"
"TESSERA-20261007105658-B836DBEF","transfer","3567835293","ratifiedOpcodes","5","H-05","complement-gate","0.6666666666666666","0.515625","","15","15","1","0","0","or(xor(E,xor(x,ror(y))),or(ror(not(y)),or(8,not(F))))"
"TESSERA-20261007105658-B836DBEF","transfer","3567835293","ratifiedOpcodes","6","H-06","folded-xor","0.5416666666666666","0.28515625","","41","41","0.9375","0","0","and(sub(or(add(ror(y),rol(x)),and(not(3),add(9,y))),sub(not(6),sub(or(x,B),xor(x,2)))),and(add(xor(or(6,x),add(y,x)),and(not(2),rol(y))),not(not(y))))"
"TESSERA-20261007105658-B836DBEF","transfer","3567835293","ratifiedOpcodes","7","H-07","nested-carry","0.3333333333333333","0.25","","4","4","0.96875","0","0","and(not(x),3)"
"TESSERA-20261007105658-B836DBEF","transfer","3567835293","ratifiedOpcodes","8","H-08","counter-rotate","0.20833333333333334","0.125","","6","6","0.96875","0","0","ror(or(8,and(5,x)))"
