experiment_id,seed,arm,epoch,task_id,task_family,train_accuracy,heldout_accuracy,generations_to_exact,effective_program_size,expanded_program_size,population_diversity,active_opcode_count,adopted_opcode_lineages,best_program
"TESSERA-20261007103630-F69B6BC6","1133247058","closed","1","T-03","turn","0.4166666666666667","0.3203125","","1","1","0.96875","0","0","0"
"TESSERA-20261007103630-F69B6BC6","1133247058","closed","2","T-04","braid","0.5","0.421875","","1","1","0.90625","0","0","y"
"TESSERA-20261007103630-F69B6BC6","1133247058","closed","3","T-05","cross","0.4166666666666667","0.28125","","7","7","0.875","0","0","and(rol(rol(ror(7))),rol(y))"
"TESSERA-20261007103630-F69B6BC6","1133247058","closed","4","T-02","mask","0.375","0.2109375","","9","9","0.96875","0","0","sub(or(x,sub(8,and(A,F))),y)"
"TESSERA-20261007103630-F69B6BC6","1133247058","closed","5","T-01","wake","0.2916666666666667","0.06640625","","10","10","0.90625","0","0","sub(or(y,xor(not(x),and(y,F))),7)"
"TESSERA-20261007103630-F69B6BC6","1133247058","fragments","1","T-03","turn","0.4166666666666667","0.3203125","","1","1","0.96875","0","0","0"
"TESSERA-20261007103630-F69B6BC6","1133247058","fragments","2","T-04","braid","0.5","0.421875","","1","1","0.875","0","0","y"
"TESSERA-20261007103630-F69B6BC6","1133247058","fragments","3","T-05","cross","0.4166666666666667","0.421875","","2","2","0.96875","0","0","rol(y)"
"TESSERA-20261007103630-F69B6BC6","1133247058","fragments","4","T-02","mask","0.2916666666666667","0.2109375","","2","2","0.90625","0","0","not(y)"
"TESSERA-20261007103630-F69B6BC6","1133247058","fragments","5","T-01","wake","0.25","0.0546875","","11","11","0.96875","0","0","sub(add(7,add(x,3)),add(add(4,E),y))"
"TESSERA-20261007103630-F69B6BC6","1133247058","openOpcodes","1","T-03","turn","0.4166666666666667","0.3203125","","1","1","0.96875","0","0","0"
"TESSERA-20261007103630-F69B6BC6","1133247058","openOpcodes","2","T-04","braid","0.5","0.421875","","1","1","0.9375","3","1","y"
"TESSERA-20261007103630-F69B6BC6","1133247058","openOpcodes","3","T-05","cross","0.4166666666666667","0.28125","","3","3","0.9375","6","4","add(y,y)"
"TESSERA-20261007103630-F69B6BC6","1133247058","openOpcodes","4","T-02","mask","0.2916666666666667","0.2109375","","3","5","0.9375","8","3","OP006(y,y)"
"TESSERA-20261007103630-F69B6BC6","1133247058","openOpcodes","5","T-01","wake","0.20833333333333334","0.0625","","9","11","0.96875","7","4","and(7,xor(sub(7,A),OP006(A,x)))"
"TESSERA-20261007103630-F69B6BC6","1133247058","ratifiedOpcodes","1","T-03","turn","0.4166666666666667","0.3203125","","1","1","0.96875","0","0","0"
"TESSERA-20261007103630-F69B6BC6","1133247058","ratifiedOpcodes","2","T-04","braid","0.5","0.421875","","1","1","0.90625","0","0","y"
"TESSERA-20261007103630-F69B6BC6","1133247058","ratifiedOpcodes","3","T-05","cross","0.4166666666666667","0.28125","","7","7","0.875","0","0","and(rol(rol(ror(7))),rol(y))"
"TESSERA-20261007103630-F69B6BC6","1133247058","ratifiedOpcodes","4","T-02","mask","0.375","0.2109375","","9","9","0.96875","0","0","sub(or(x,sub(8,and(A,F))),y)"
"TESSERA-20261007103630-F69B6BC6","1133247058","ratifiedOpcodes","5","T-01","wake","0.2916666666666667","0.06640625","","10","10","0.90625","0","0","sub(or(y,xor(not(x),and(y,F))),7)"
"TESSERA-20261007103630-F69B6BC6","3965243085","closed","1","T-05","cross","0.4583333333333333","0.421875","","2","2","0.96875","0","0","rol(y)"
"TESSERA-20261007103630-F69B6BC6","3965243085","closed","2","T-03","turn","0.5833333333333334","0.30078125","","13","13","1","0","0","rol(and(and(and(8,y),D),sub(sub(5,y),not(x))))"
"TESSERA-20261007103630-F69B6BC6","3965243085","closed","3","T-04","braid","0.5","0.421875","","1","1","0.9375","0","0","y"
"TESSERA-20261007103630-F69B6BC6","3965243085","closed","4","T-02","mask","0.25","0.0625","","16","16","0.96875","0","0","and(rol(rol(or(E,B))),xor(sub(sub(y,x),rol(E)),add(2,y)))"
"TESSERA-20261007103630-F69B6BC6","3965243085","closed","5","T-01","wake","0.2916666666666667","0.06640625","","14","14","0.96875","0","0","and(xor(and(and(x,6),ror(y)),4),sub(and(6,y),8))"
"TESSERA-20261007103630-F69B6BC6","3965243085","fragments","1","T-05","cross","0.4583333333333333","0.421875","","2","2","0.96875","0","0","rol(y)"
"TESSERA-20261007103630-F69B6BC6","3965243085","fragments","2","T-03","turn","0.4583333333333333","0.3203125","","1","1","0.96875","0","0","0"
"TESSERA-20261007103630-F69B6BC6","3965243085","fragments","3","T-04","braid","0.625","0.375","","15","15","0.96875","0","0","or(or(and(or(5,x),y),and(add(y,y),sub(B,6))),y)"
"TESSERA-20261007103630-F69B6BC6","3965243085","fragments","4","T-02","mask","0.2916666666666667","0.1328125","","48","48","1","0","0","or(add(rol(or(not(sub(add(2,x),not(sub(add(0,x),or(or(E,sub(not(y),rol(and(or(xor(not(x),not(4)),add(D,F)),sub(xor(1,rol(y)),ror(not(D))))))),y))))),3)),y),and(and(ror(8),3),2))"
"TESSERA-20261007103630-F69B6BC6","3965243085","fragments","5","T-01","wake","0.2916666666666667","0.05859375","","9","9","1","0","0","and(F,and(and(y,add(x,y)),6))"
"TESSERA-20261007103630-F69B6BC6","3965243085","openOpcodes","1","T-05","cross","0.4583333333333333","0.421875","","2","2","0.96875","0","0","rol(y)"
"TESSERA-20261007103630-F69B6BC6","3965243085","openOpcodes","2","T-03","turn","0.4583333333333333","0.3203125","","1","1","0.875","3","0","0"
"TESSERA-20261007103630-F69B6BC6","3965243085","openOpcodes","3","T-04","braid","0.5","0.421875","","1","1","0.96875","6","4","y"
"TESSERA-20261007103630-F69B6BC6","3965243085","openOpcodes","4","T-02","mask","0.20833333333333334","0.1640625","","9","11","0.96875","8","4","and(6,add(not(y),OP005(ror(y),6)))"
"TESSERA-20261007103630-F69B6BC6","3965243085","openOpcodes","5","T-01","wake","0.25","0.05859375","","10","12","0.96875","11","4","and(6,ror(OP001(or(6,4),or(4,x))))"
"TESSERA-20261007103630-F69B6BC6","3965243085","ratifiedOpcodes","1","T-05","cross","0.4583333333333333","0.421875","","2","2","0.96875","0","0","rol(y)"
"TESSERA-20261007103630-F69B6BC6","3965243085","ratifiedOpcodes","2","T-03","turn","0.5833333333333334","0.30078125","","13","13","1","0","0","rol(and(and(and(8,y),D),sub(sub(5,y),not(x))))"
"TESSERA-20261007103630-F69B6BC6","3965243085","ratifiedOpcodes","3","T-04","braid","0.5","0.421875","","1","1","0.9375","0","0","y"
"TESSERA-20261007103630-F69B6BC6","3965243085","ratifiedOpcodes","4","T-02","mask","0.25","0.0625","","16","16","0.96875","0","0","and(rol(rol(or(E,B))),xor(sub(sub(y,x),rol(E)),add(2,y)))"
"TESSERA-20261007103630-F69B6BC6","3965243085","ratifiedOpcodes","5","T-01","wake","0.2916666666666667","0.06640625","","14","14","0.96875","0","0","and(xor(and(and(x,6),ror(y)),4),sub(and(6,y),8))"
"TESSERA-20261007103630-F69B6BC6","1394972555","closed","1","T-01","wake","0.20833333333333334","0.08984375","","7","7","0.90625","0","0","not(add(rol(x),and(1,y)))"
"TESSERA-20261007103630-F69B6BC6","1394972555","closed","2","T-05","cross","0.375","0.421875","","2","2","0.90625","0","0","rol(y)"
"TESSERA-20261007103630-F69B6BC6","1394972555","closed","3","T-02","mask","0.3333333333333333","0.140625","","8","8","0.90625","0","0","or(not(or(and(5,x),y)),9)"
"TESSERA-20261007103630-F69B6BC6","1394972555","closed","4","T-04","braid","0.375","0.421875","","1","1","0.9375","0","0","y"
"TESSERA-20261007103630-F69B6BC6","1394972555","closed","5","T-03","turn","0.5","0.3203125","","3","3","0.9375","0","0","and(1,8)"
"TESSERA-20261007103630-F69B6BC6","1394972555","fragments","1","T-01","wake","0.20833333333333334","0.08984375","","7","7","0.90625","0","0","not(add(rol(x),and(1,y)))"
"TESSERA-20261007103630-F69B6BC6","1394972555","fragments","2","T-05","cross","0.25","0.0625","","13","13","0.9375","0","0","xor(and(and(8,y),add(and(y,2),or(9,E))),E)"
"TESSERA-20261007103630-F69B6BC6","1394972555","fragments","3","T-02","mask","0.2916666666666667","0.19921875","","4","4","1","0","0","not(and(y,x))"
"TESSERA-20261007103630-F69B6BC6","1394972555","fragments","4","T-04","braid","0.4166666666666667","0.24609375","","21","21","1","0","0","xor(y,xor(or(or(x,x),or(add(rol(x),and(1,y)),add(rol(y),1))),or(F,y)))"
"TESSERA-20261007103630-F69B6BC6","1394972555","fragments","5","T-03","turn","0.5416666666666666","0.296875","","10","10","1","0","0","and(and(and(sub(y,x),8),y),ror(y))"
"TESSERA-20261007103630-F69B6BC6","1394972555","openOpcodes","1","T-01","wake","0.20833333333333334","0.08984375","","7","7","0.90625","0","0","not(add(rol(x),and(1,y)))"
"TESSERA-20261007103630-F69B6BC6","1394972555","openOpcodes","2","T-05","cross","0.375","0.421875","","2","2","0.8125","3","2","rol(y)"
"TESSERA-20261007103630-F69B6BC6","1394972555","openOpcodes","3","T-02","mask","0.25","0.125","","8","10","0.9375","6","4","add(4,add(OP002(7,y),not(D)))"
"TESSERA-20261007103630-F69B6BC6","1394972555","openOpcodes","4","T-04","braid","0.375","0.421875","","1","1","0.9375","9","2","y"
"TESSERA-20261007103630-F69B6BC6","1394972555","openOpcodes","5","T-03","turn","0.5","0.3203125","","1","1","0.875","7","1","0"
"TESSERA-20261007103630-F69B6BC6","1394972555","ratifiedOpcodes","1","T-01","wake","0.20833333333333334","0.08984375","","7","7","0.90625","0","0","not(add(rol(x),and(1,y)))"
"TESSERA-20261007103630-F69B6BC6","1394972555","ratifiedOpcodes","2","T-05","cross","0.375","0.421875","","2","2","0.90625","0","0","rol(y)"
"TESSERA-20261007103630-F69B6BC6","1394972555","ratifiedOpcodes","3","T-02","mask","0.3333333333333333","0.140625","","8","8","0.90625","0","0","or(not(or(and(5,x),y)),9)"
"TESSERA-20261007103630-F69B6BC6","1394972555","ratifiedOpcodes","4","T-04","braid","0.375","0.421875","","1","1","0.9375","0","0","y"
"TESSERA-20261007103630-F69B6BC6","1394972555","ratifiedOpcodes","5","T-03","turn","0.5","0.3203125","","3","3","0.9375","0","0","and(1,8)"
"TESSERA-20261007103630-F69B6BC6","3416886128","closed","1","T-03","turn","0.2916666666666667","0.21875","","8","8","0.96875","0","0","and(and(3,E),ror(xor(x,0)))"
"TESSERA-20261007103630-F69B6BC6","3416886128","closed","2","T-04","braid","0.5416666666666666","0.421875","","3","3","1","0","0","sub(0,y)"
"TESSERA-20261007103630-F69B6BC6","3416886128","closed","3","T-02","mask","0.3333333333333333","0.2109375","","5","5","1","0","0","xor(or(F,E),y)"
"TESSERA-20261007103630-F69B6BC6","3416886128","closed","4","T-01","wake","0.3333333333333333","0.0625","","20","20","1","0","0","and(sub(ror(add(0,5)),ror(sub(x,x))),xor(or(not(B),x),and(xor(9,3),F)))"
"TESSERA-20261007103630-F69B6BC6","3416886128","closed","5","T-05","cross","0.375","0.421875","","2","2","1","0","0","rol(y)"
"TESSERA-20261007103630-F69B6BC6","3416886128","fragments","1","T-03","turn","0.2916666666666667","0.21875","","8","8","0.96875","0","0","and(and(3,E),ror(xor(x,0)))"
"TESSERA-20261007103630-F69B6BC6","3416886128","fragments","2","T-04","braid","0.4583333333333333","0.3515625","","13","13","0.96875","0","0","add(y,and(ror(xor(y,B)),and(4,ror(xor(x,0)))))"
"TESSERA-20261007103630-F69B6BC6","3416886128","fragments","3","T-02","mask","0.375","0.1171875","","13","13","0.96875","0","0","ror(ror(or(not(y),and(y,ror(xor(x,ror(ror(9))))))))"
"TESSERA-20261007103630-F69B6BC6","3416886128","fragments","4","T-01","wake","0.2916666666666667","0.07421875","","22","22","0.96875","0","0","and(and(ror(not(ror(sub(y,and(y,rol(and(add(x,E),ror(C)))))))),x),ror(ror(add(7,x))))"
"TESSERA-20261007103630-F69B6BC6","3416886128","fragments","5","T-05","cross","0.375","0.421875","","2","2","0.96875","0","0","rol(y)"
"TESSERA-20261007103630-F69B6BC6","3416886128","openOpcodes","1","T-03","turn","0.2916666666666667","0.21875","","8","8","0.96875","0","0","and(and(3,E),ror(xor(x,0)))"
"TESSERA-20261007103630-F69B6BC6","3416886128","openOpcodes","2","T-04","braid","0.375","0.421875","","1","1","0.96875","3","5","y"
"TESSERA-20261007103630-F69B6BC6","3416886128","openOpcodes","3","T-02","mask","0.25","0.1015625","","7","7","0.96875","6","1","or(5,not(ror(or(y,0))))"
"TESSERA-20261007103630-F69B6BC6","3416886128","openOpcodes","4","T-01","wake","0.2916666666666667","0.0625","","11","18","1","9","6","or(and(OP009(y,x),A),OP001(x,OP001(y,5)))"
"TESSERA-20261007103630-F69B6BC6","3416886128","openOpcodes","5","T-05","cross","0.375","0.421875","","9","11","1","11","7","OP003(and(F,or(rol(y),rol(y))),5)"
"TESSERA-20261007103630-F69B6BC6","3416886128","ratifiedOpcodes","1","T-03","turn","0.2916666666666667","0.21875","","8","8","0.96875","0","0","and(and(3,E),ror(xor(x,0)))"
"TESSERA-20261007103630-F69B6BC6","3416886128","ratifiedOpcodes","2","T-04","braid","0.5416666666666666","0.421875","","3","3","1","0","0","sub(0,y)"
"TESSERA-20261007103630-F69B6BC6","3416886128","ratifiedOpcodes","3","T-02","mask","0.3333333333333333","0.2109375","","5","5","1","0","0","xor(or(F,E),y)"
"TESSERA-20261007103630-F69B6BC6","3416886128","ratifiedOpcodes","4","T-01","wake","0.3333333333333333","0.0625","","20","20","1","0","0","and(sub(ror(add(0,5)),ror(sub(x,x))),xor(or(not(B),x),and(xor(9,3),F)))"
"TESSERA-20261007103630-F69B6BC6","3416886128","ratifiedOpcodes","5","T-05","cross","0.375","0.421875","","2","2","1","0","0","rol(y)"
"TESSERA-20261007103630-F69B6BC6","4292335611","closed","1","T-04","braid","0.4583333333333333","0.421875","","8","8","0.9375","0","0","sub(add(or(A,4),not(y)),D)"
"TESSERA-20261007103630-F69B6BC6","4292335611","closed","2","T-05","cross","0.5","0.421875","","2","2","0.9375","0","0","rol(y)"
"TESSERA-20261007103630-F69B6BC6","4292335611","closed","3","T-03","turn","0.4583333333333333","0.3203125","","1","1","1","0","0","0"
"TESSERA-20261007103630-F69B6BC6","4292335611","closed","4","T-01","wake","0.2916666666666667","0.0625","","9","9","0.96875","0","0","xor(A,or(and(5,xor(D,x)),y))"
"TESSERA-20261007103630-F69B6BC6","4292335611","closed","5","T-02","mask","0.3333333333333333","0.2109375","","4","4","0.96875","0","0","not(rol(ror(y)))"
"TESSERA-20261007103630-F69B6BC6","4292335611","fragments","1","T-04","braid","0.4583333333333333","0.421875","","8","8","0.9375","0","0","sub(add(or(A,4),not(y)),D)"
"TESSERA-20261007103630-F69B6BC6","4292335611","fragments","2","T-05","cross","0.5","0.421875","","4","4","1","0","0","or(rol(y),0)"
"TESSERA-20261007103630-F69B6BC6","4292335611","fragments","3","T-03","turn","0.5","0.265625","","14","14","0.96875","0","0","and(sub(x,not(not(E))),add(or(ror(4),y),xor(E,y)))"
"TESSERA-20261007103630-F69B6BC6","4292335611","fragments","4","T-01","wake","0.25","0.08984375","","17","17","1","0","0","and(not(ror(xor(x,C))),add(or(rol(x),or(1,y)),not(or(5,5))))"
"TESSERA-20261007103630-F69B6BC6","4292335611","fragments","5","T-02","mask","0.5416666666666666","0.3515625","","8","8","0.96875","0","0","and(or(E,rol(not(y))),not(y))"
"TESSERA-20261007103630-F69B6BC6","4292335611","openOpcodes","1","T-04","braid","0.4583333333333333","0.421875","","8","8","0.9375","0","0","sub(add(or(A,4),not(y)),D)"
"TESSERA-20261007103630-F69B6BC6","4292335611","openOpcodes","2","T-05","cross","0.5","0.421875","","2","2","1","3","3","rol(y)"
"TESSERA-20261007103630-F69B6BC6","4292335611","openOpcodes","3","T-03","turn","0.4583333333333333","0.3203125","","1","1","0.9375","6","2","0"
"TESSERA-20261007103630-F69B6BC6","4292335611","openOpcodes","4","T-01","wake","0.16666666666666666","0.0625","","7","9","0.96875","9","4","xor(OP003(8,ror(rol(3))),y)"
"TESSERA-20261007103630-F69B6BC6","4292335611","openOpcodes","5","T-02","mask","0.4166666666666667","0.28125","","5","5","0.9375","10","5","xor(or(x,E),y)"
"TESSERA-20261007103630-F69B6BC6","4292335611","ratifiedOpcodes","1","T-04","braid","0.4583333333333333","0.421875","","8","8","0.9375","0","0","sub(add(or(A,4),not(y)),D)"
"TESSERA-20261007103630-F69B6BC6","4292335611","ratifiedOpcodes","2","T-05","cross","0.5","0.421875","","2","2","0.9375","0","0","rol(y)"
"TESSERA-20261007103630-F69B6BC6","4292335611","ratifiedOpcodes","3","T-03","turn","0.4583333333333333","0.3203125","","1","1","1","0","0","0"
"TESSERA-20261007103630-F69B6BC6","4292335611","ratifiedOpcodes","4","T-01","wake","0.2916666666666667","0.0625","","9","9","0.96875","0","0","xor(A,or(and(5,xor(D,x)),y))"
"TESSERA-20261007103630-F69B6BC6","4292335611","ratifiedOpcodes","5","T-02","mask","0.3333333333333333","0.2109375","","4","4","0.96875","0","0","not(rol(ror(y)))"
"TESSERA-20261007103630-F69B6BC6","4274265398","closed","1","T-04","braid","0.3333333333333333","0.421875","","1","1","0.875","0","0","y"
"TESSERA-20261007103630-F69B6BC6","4274265398","closed","2","T-03","turn","0.4583333333333333","0.3203125","","1","1","0.75","0","0","0"
"TESSERA-20261007103630-F69B6BC6","4274265398","closed","3","T-02","mask","0.2916666666666667","0.140625","","7","7","0.96875","0","0","not(and(xor(F,ror(4)),y))"
"TESSERA-20261007103630-F69B6BC6","4274265398","closed","4","T-05","cross","0.5416666666666666","0.421875","","2","2","0.96875","0","0","rol(y)"
"TESSERA-20261007103630-F69B6BC6","4274265398","closed","5","T-01","wake","0.20833333333333334","0.0546875","","3","3","0.9375","0","0","sub(7,x)"
"TESSERA-20261007103630-F69B6BC6","4274265398","fragments","1","T-04","braid","0.3333333333333333","0.421875","","1","1","0.875","0","0","y"
"TESSERA-20261007103630-F69B6BC6","4274265398","fragments","2","T-03","turn","0.5833333333333334","0.3046875","","13","13","0.90625","0","0","and(sub(and(x,or(rol(y),and(y,x))),not(y)),8)"
"TESSERA-20261007103630-F69B6BC6","4274265398","fragments","3","T-02","mask","0.2916666666666667","0.09765625","","33","33","0.9375","0","0","and(rol(and(x,and(y,x))),and(rol(and(sub(and(x,sub(or(xor(4,x),E),and(or(y,xor(4,x)),6))),not(5)),xor(rol(5),7))),3))"
"TESSERA-20261007103630-F69B6BC6","4274265398","fragments","4","T-05","cross","0.5416666666666666","0.421875","","5","5","1","0","0","and(rol(y),rol(F))"
"TESSERA-20261007103630-F69B6BC6","4274265398","fragments","5","T-01","wake","0.2916666666666667","0.09375","","19","19","1","0","0","and(rol(or(sub(x,y),not(D))),xor(or(or(y,E),or(7,and(9,x))),x))"
"TESSERA-20261007103630-F69B6BC6","4274265398","openOpcodes","1","T-04","braid","0.3333333333333333","0.421875","","1","1","0.875","0","0","y"
"TESSERA-20261007103630-F69B6BC6","4274265398","openOpcodes","2","T-03","turn","0.4583333333333333","0.3203125","","1","1","0.90625","3","2","0"
"TESSERA-20261007103630-F69B6BC6","4274265398","openOpcodes","3","T-02","mask","0.25","0.1875","","10","12","0.96875","4","2","not(xor(not(x),add(not(x),OP002(x,y))))"
"TESSERA-20261007103630-F69B6BC6","4274265398","openOpcodes","4","T-05","cross","0.5416666666666666","0.421875","","10","20","1","7","5","OP005(rol(OP005(y,C)),and(y,and(6,C)))"
"TESSERA-20261007103630-F69B6BC6","4274265398","openOpcodes","5","T-01","wake","0.25","0.06640625","","11","18","1","9","5","OP005(not(and(add(x,D),rol(x))),OP004(x,y))"
"TESSERA-20261007103630-F69B6BC6","4274265398","ratifiedOpcodes","1","T-04","braid","0.3333333333333333","0.421875","","1","1","0.875","0","0","y"
"TESSERA-20261007103630-F69B6BC6","4274265398","ratifiedOpcodes","2","T-03","turn","0.4583333333333333","0.3203125","","1","1","0.75","0","0","0"
"TESSERA-20261007103630-F69B6BC6","4274265398","ratifiedOpcodes","3","T-02","mask","0.2916666666666667","0.140625","","7","7","0.96875","0","0","not(and(xor(F,ror(4)),y))"
"TESSERA-20261007103630-F69B6BC6","4274265398","ratifiedOpcodes","4","T-05","cross","0.5416666666666666","0.421875","","2","2","0.96875","0","0","rol(y)"
"TESSERA-20261007103630-F69B6BC6","4274265398","ratifiedOpcodes","5","T-01","wake","0.20833333333333334","0.0546875","","3","3","0.9375","0","0","sub(7,x)"
"TESSERA-20261007103630-F69B6BC6","625366974","closed","1","T-04","braid","0.4583333333333333","0.28125","","9","9","0.96875","0","0","or(ror(rol(8)),sub(and(1,0),y))"
"TESSERA-20261007103630-F69B6BC6","625366974","closed","2","T-01","wake","0.25","0.0625","","1","1","0.9375","0","0","4"
"TESSERA-20261007103630-F69B6BC6","625366974","closed","3","T-03","turn","0.4166666666666667","0.30859375","","9","9","1","0","0","and(x,and(or(4,y),and(8,y)))"
"TESSERA-20261007103630-F69B6BC6","625366974","closed","4","T-05","cross","0.25","0.421875","","2","2","0.96875","0","0","rol(y)"
"TESSERA-20261007103630-F69B6BC6","625366974","closed","5","T-02","mask","0.25","0.109375","","7","7","0.84375","0","0","xor(and(y,xor(7,y)),9)"
"TESSERA-20261007103630-F69B6BC6","625366974","fragments","1","T-04","braid","0.4583333333333333","0.28125","","9","9","0.96875","0","0","or(ror(rol(8)),sub(and(1,0),y))"
"TESSERA-20261007103630-F69B6BC6","625366974","fragments","2","T-01","wake","0.25","0.0625","","1","1","0.90625","0","0","4"
"TESSERA-20261007103630-F69B6BC6","625366974","fragments","3","T-03","turn","0.625","0.31640625","","13","13","1","0","0","and(ror(xor(or(B,9),ror(y))),ror(rol(add(x,y))))"
"TESSERA-20261007103630-F69B6BC6","625366974","fragments","4","T-05","cross","0.2916666666666667","0.421875","","17","17","0.96875","0","0","and(add(rol(sub(y,C)),8),or(add(8,xor(E,D)),not(xor(x,x))))"
"TESSERA-20261007103630-F69B6BC6","625366974","fragments","5","T-02","mask","0.4166666666666667","0.171875","","21","21","0.9375","0","0","and(add(not(4),or(ror(rol(4)),sub(and(1,and(1,0)),y))),or(x,ror(or(5,x))))"
"TESSERA-20261007103630-F69B6BC6","625366974","openOpcodes","1","T-04","braid","0.4583333333333333","0.28125","","9","9","0.96875","0","0","or(ror(rol(8)),sub(and(1,0),y))"
"TESSERA-20261007103630-F69B6BC6","625366974","openOpcodes","2","T-01","wake","0.25","0.0625","","1","1","0.9375","3","1","4"
"TESSERA-20261007103630-F69B6BC6","625366974","openOpcodes","3","T-03","turn","0.375","0.3203125","","1","1","0.96875","3","0","0"
"TESSERA-20261007103630-F69B6BC6","625366974","openOpcodes","4","T-05","cross","0.25","0.078125","","15","17","0.96875","2","1","and(or(OP001(9,add(A,B)),or(1,sub(or(y,x),9))),3)"
"TESSERA-20261007103630-F69B6BC6","625366974","openOpcodes","5","T-02","mask","0.25","0.078125","","1","1","0.8125","5","1","9"
"TESSERA-20261007103630-F69B6BC6","625366974","ratifiedOpcodes","1","T-04","braid","0.4583333333333333","0.28125","","9","9","0.96875","0","0","or(ror(rol(8)),sub(and(1,0),y))"
"TESSERA-20261007103630-F69B6BC6","625366974","ratifiedOpcodes","2","T-01","wake","0.25","0.0625","","1","1","0.9375","0","0","4"
"TESSERA-20261007103630-F69B6BC6","625366974","ratifiedOpcodes","3","T-03","turn","0.4166666666666667","0.30859375","","9","9","1","0","0","and(x,and(or(4,y),and(8,y)))"
"TESSERA-20261007103630-F69B6BC6","625366974","ratifiedOpcodes","4","T-05","cross","0.2916666666666667","0.3125","","9","9","0.96875","1","1","and(rol(sub(4,and(y,y))),rol(y))"
"TESSERA-20261007103630-F69B6BC6","625366974","ratifiedOpcodes","5","T-02","mask","0.2916666666666667","0.109375","","10","10","0.96875","1","1","and(rol(sub(8,rol(y))),rol(not(rol(9))))"
"TESSERA-20261007103630-F69B6BC6","3567835293","closed","1","T-02","mask","0.5","0.25","","7","7","0.90625","0","0","not(and(or(rol(x),x),y))"
"TESSERA-20261007103630-F69B6BC6","3567835293","closed","2","T-03","turn","0.2916666666666667","0.265625","","16","16","0.9375","0","0","and(ror(or(not(y),or(x,x))),and(and(5,ror(D)),ror(ror(x))))"
"TESSERA-20261007103630-F69B6BC6","3567835293","closed","3","T-05","cross","0.4583333333333333","0.28125","","7","7","0.96875","0","0","rol(and(xor(8,y),not(8)))"
"TESSERA-20261007103630-F69B6BC6","3567835293","closed","4","T-04","braid","0.4583333333333333","0.421875","","1","1","0.9375","0","0","y"
"TESSERA-20261007103630-F69B6BC6","3567835293","closed","5","T-01","wake","0.2916666666666667","0.0625","","25","25","1","0","0","add(and(rol(xor(8,C)),xor(and(5,x),or(A,0))),or(add(ror(3),or(add(3,add(4,D)),4)),y))"
"TESSERA-20261007103630-F69B6BC6","3567835293","fragments","1","T-02","mask","0.5","0.25","","7","7","0.90625","0","0","not(and(or(rol(x),x),y))"
"TESSERA-20261007103630-F69B6BC6","3567835293","fragments","2","T-03","turn","0.375","0.16796875","","18","18","0.96875","0","0","and(add(xor(0,y),ror(A)),or(and(E,and(rol(y),ror(add(y,x)))),x))"
"TESSERA-20261007103630-F69B6BC6","3567835293","fragments","3","T-05","cross","0.4583333333333333","0.28125","","14","14","0.9375","0","0","and(add(xor(0,y),xor(0,y)),xor(or(E,5),rol(0)))"
"TESSERA-20261007103630-F69B6BC6","3567835293","fragments","4","T-04","braid","0.4583333333333333","0.421875","","1","1","0.9375","0","0","y"
"TESSERA-20261007103630-F69B6BC6","3567835293","fragments","5","T-01","wake","0.25","0.0703125","","19","19","1","0","0","xor(and(add(xor(0,y),ror(A)),not(and(E,add(rol(y),ror(add(y,x)))))),x)"
"TESSERA-20261007103630-F69B6BC6","3567835293","openOpcodes","1","T-02","mask","0.5","0.25","","7","7","0.90625","0","0","not(and(or(rol(x),x),y))"
"TESSERA-20261007103630-F69B6BC6","3567835293","openOpcodes","2","T-03","turn","0.25","0.1015625","","1","1","0.90625","3","1","4"
"TESSERA-20261007103630-F69B6BC6","3567835293","openOpcodes","3","T-05","cross","0.4583333333333333","0.28125","","3","5","0.96875","6","3","OP002(y,y)"
"TESSERA-20261007103630-F69B6BC6","3567835293","openOpcodes","4","T-04","braid","0.4583333333333333","0.421875","","1","1","0.875","8","1","y"
"TESSERA-20261007103630-F69B6BC6","3567835293","openOpcodes","5","T-01","wake","0.16666666666666666","0.0625","","1","1","0.84375","6","2","5"
"TESSERA-20261007103630-F69B6BC6","3567835293","ratifiedOpcodes","1","T-02","mask","0.5","0.25","","7","7","0.90625","0","0","not(and(or(rol(x),x),y))"
"TESSERA-20261007103630-F69B6BC6","3567835293","ratifiedOpcodes","2","T-03","turn","0.2916666666666667","0.265625","","16","16","0.9375","0","0","and(ror(or(not(y),or(x,x))),and(and(5,ror(D)),ror(ror(x))))"
"TESSERA-20261007103630-F69B6BC6","3567835293","ratifiedOpcodes","3","T-05","cross","0.4583333333333333","0.28125","","7","7","0.96875","0","0","rol(and(xor(8,y),not(8)))"
"TESSERA-20261007103630-F69B6BC6","3567835293","ratifiedOpcodes","4","T-04","braid","0.4583333333333333","0.421875","","1","1","0.9375","0","0","y"
"TESSERA-20261007103630-F69B6BC6","3567835293","ratifiedOpcodes","5","T-01","wake","0.2916666666666667","0.0625","","25","25","1","0","0","add(and(rol(xor(8,C)),xor(and(5,x),or(A,0))),or(add(ror(3),or(add(3,add(4,D)),4)),y))"
